,SNO,Gene ID,Display Name,Start,End,Strand,Seq region Name,No. of Transcripts
0,1,ENSG00000124915,AP002380.1,61746493,61757655,-1,11,3
1,2,ENSG00000175773,AP002986.1,130314993,130403657,1,11,5
2,3,ENSG00000176320,AL138899.1,158197922,158203877,-1,1,1
3,4,ENSG00000203334,AP003027.1,108957718,108959797,1,11,2
4,5,ENSG00000203434,AL353740.1,108547975,108561815,-1,10,1
5,6,ENSG00000203496,AL133216.1,38453181,38466176,1,10,1
6,7,ENSG00000203565,AL450313.1,33684755,33687064,1,10,1
7,8,ENSG00000203605,AC096543.1,63139250,63163153,1,1,1
8,9,ENSG00000203620,AL354919.1,31842019,31855568,-1,1,1
9,10,ENSG00000213062,AL021068.1,169486076,169486986,1,1,1
10,11,ENSG00000214797,AP002358.1,59268876,59284033,-1,11,1
11,12,ENSG00000223344,AL359081.1,191858707,191890229,-1,1,2
12,13,ENSG00000223432,AC009988.1,121615425,121615839,-1,10,1
13,14,ENSG00000223462,AL353801.1,44937508,44955725,1,10,1
14,15,ENSG00000223470,LINC02629,33909238,33917804,1,10,1
15,16,ENSG00000223643,BX284668.1,16851257,16853129,-1,1,2
16,17,ENSG00000223649,AC105275.1,211492255,211492917,1,1,1
17,18,ENSG00000223675,AC093117.1,94585556,94592297,-1,1,1
18,19,ENSG00000223720,AL109659.1,48172972,48206857,1,1,1
19,20,ENSG00000223761,AL138767.2,87591607,87606024,-1,10,1
20,21,ENSG00000223800,AL355314.1,55468327,55469222,1,10,1
21,22,ENSG00000223808,AC044784.1,8970125,8973468,1,10,1
22,23,ENSG00000223814,AL691459.1,47761132,47765547,-1,1,1
23,24,ENSG00000223834,AL161935.1,31602862,31606218,1,10,2
24,25,ENSG00000223842,AL360093.1,219222248,219225497,-1,1,1
25,26,ENSG00000223881,AL157402.1,198597724,198598868,-1,1,1
26,27,ENSG00000223906,AC104457.2,100344477,100345242,1,1,1
27,28,ENSG00000223944,AL353604.1,37262739,37325100,-1,1,1
28,29,ENSG00000224000,Z97198.1,172906900,172907684,1,1,1
29,30,ENSG00000224023,EDRF1-DT,125700436,125719566,-1,10,6
30,31,ENSG00000224174,AL137802.1,16520694,16521796,1,1,1
31,32,ENSG00000224228,AL031599.1,172775905,173064015,1,1,1
32,33,ENSG00000224260,AL023754.1,209528455,209567673,-1,1,2
33,34,ENSG00000224326,AL136234.1,80534978,80584363,-1,1,1
34,35,ENSG00000224363,FP700111.1,144641371,144919902,1,1,1
35,36,ENSG00000224481,AC245100.1,148295895,148344636,1,1,2
36,37,ENSG00000224504,AC025428.1,85432863,85448961,1,10,1
37,38,ENSG00000224592,AL139158.2,38047314,38119025,1,1,2
38,39,ENSG00000224698,AL390038.1,108420689,108433184,1,1,1
39,40,ENSG00000224717,AC098936.1,205455929,205469024,1,1,1
40,41,ENSG00000224750,AL391704.1,90454170,90502968,1,10,3
41,42,ENSG00000224750,AL391704.1,90454170,90502968,1,10,3
42,43,ENSG00000224810,AL355482.1,182062677,182069253,-1,1,1
43,44,ENSG00000224817,AC010789.1,101704652,101708401,-1,10,1
44,45,ENSG00000224950,AL390066.1,116493016,116499212,-1,1,1
45,46,ENSG00000225006,AL929288.1,188508538,188536465,1,1,1
46,47,ENSG00000225028,AC096541.1,47818066,47820237,1,1,1
47,48,ENSG00000225087,AL583808.1,72748921,72899140,-1,1,1
48,49,ENSG00000225152,AL160290.1,123425713,123427640,-1,10,1
49,50,ENSG00000225172,AC096631.1,198983321,198985400,1,1,2
50,51,ENSG00000225208,AL133387.1,101311018,101311505,1,10,1
51,52,ENSG00000225233,AL592402.1,213492301,213546447,1,1,1
52,53,ENSG00000225325,AL583804.1,166387727,166452632,-1,1,1
53,54,ENSG00000225359,AL358393.1,181190471,181191149,-1,1,1
54,55,ENSG00000225387,AL591896.1,18385829,18388514,1,1,1
55,56,ENSG00000225424,AL391869.1,129278251,129291722,1,10,1
56,57,ENSG00000225519,AL365434.1,90994620,91006390,1,10,1
57,58,ENSG00000225545,AL162399.1,170587249,170588236,-1,1,1
58,59,ENSG00000225554,AL359764.1,241424292,241433492,1,1,2
59,60,ENSG00000225598,AL606519.1,80373364,80374621,-1,1,1
60,61,ENSG00000225605,AC092813.1,75932479,76019356,1,1,2
61,62,ENSG00000225620,AC104463.1,202632428,202632911,1,1,1
62,63,ENSG00000225643,AL606491.1,25581478,25590356,1,1,1
63,64,ENSG00000225656,AL118511.2,230823641,230824707,-1,1,1
64,65,ENSG00000225750,AL357500.1,29144494,29146994,-1,1,1
65,66,ENSG00000225836,AL157400.1,89646289,89650822,-1,10,1
66,67,ENSG00000225913,AL138767.3,87607985,87659279,1,10,1
67,68,ENSG00000225982,AL355482.2,182086551,182090112,1,1,1
68,69,ENSG00000226172,AL139420.1,119000344,119001392,-1,1,1
69,70,ENSG00000226208,AL513285.1,70715933,70720289,-1,1,1
70,71,ENSG00000226296,AC036101.1,53291072,53311065,-1,10,1
71,72,ENSG00000226375,AL022310.1,173174300,173175503,-1,1,1
72,73,ENSG00000226426,AC012558.1,64036345,64037280,-1,10,1
73,74,ENSG00000226447,ZNF25-DT,37976825,37992467,1,10,1
74,75,ENSG00000226487,AL139254.1,20412304,20413253,-1,1,1
75,76,ENSG00000226578,AL132657.1,37775371,37784131,-1,10,1
76,77,ENSG00000226601,AL359979.1,223181144,223188154,1,1,1
77,78,ENSG00000226640,AL357793.1,193678894,193727035,1,1,1
78,79,ENSG00000226694,AL441943.1,2071845,2081097,1,10,1
79,80,ENSG00000226835,AC097059.1,94247866,94334848,1,1,2
80,81,ENSG00000226861,AL390835.1,8298897,8301667,1,10,1
81,82,ENSG00000226868,AC096637.1,211715928,211725402,-1,1,1
82,83,ENSG00000226900,AL451069.1,132511626,132518191,-1,10,1
83,84,ENSG00000226927,AL451081.1,220359731,220360183,-1,1,1
84,85,ENSG00000226938,AC119428.1,53348488,53349233,-1,1,1
85,86,ENSG00000226990,AC025946.1,8400860,8461863,1,10,1
86,87,ENSG00000227029,AL139237.1,43912444,43914236,1,10,1
87,88,ENSG00000227066,Z98257.1,20154338,20160568,1,1,2
88,89,ENSG00000227101,AC025822.1,4024940,4028394,1,10,1
89,90,ENSG00000227125,AP002856.1,131204999,131215163,1,11,1
90,91,ENSG00000227139,AC241644.1,147697794,147699335,1,1,1
91,92,ENSG00000227169,Z98747.1,4551735,4552145,-1,1,1
92,93,ENSG00000227193,AC244453.1,121118126,121146826,1,1,1
93,94,ENSG00000227240,AL356272.1,194149473,194198694,1,1,1
94,95,ENSG00000227307,AC010998.1,120925547,120980700,-1,10,1
95,96,ENSG00000227338,AL139280.1,3266003,3267015,1,10,1
96,97,ENSG00000227373,AL121983.2,174115300,174160004,-1,1,4
97,98,ENSG00000227374,AL157832.1,129768844,129769435,1,10,1
98,99,ENSG00000227475,AL355300.1,36089086,36089389,-1,10,1
99,100,ENSG00000227485,AL162400.1,63024207,63025658,1,1,1
100,101,ENSG00000227579,AL122019.1,177393287,177597709,-1,1,2
101,102,ENSG00000227683,AL358394.1,45164228,45181427,-1,10,1
102,103,ENSG00000227712,AL359915.1,119260265,119327303,-1,1,1
103,104,ENSG00000227733,AC239809.3,148159213,148255012,-1,1,18
104,105,ENSG00000227818,AL590408.1,162039016,162039567,1,1,1
105,106,ENSG00000227851,AC021035.1,111349939,111352103,-1,10,1
106,107,ENSG00000227912,AL441943.2,2166332,2169460,1,10,1
107,108,ENSG00000227935,AL390243.1,57386576,57387450,1,1,1
108,109,ENSG00000228037,AL139246.3,2581560,2584533,1,1,1
109,110,ENSG00000228044,AL160408.1,234646289,234683176,1,1,3
110,111,ENSG00000228048,AL355314.2,55506219,55513217,1,10,1
111,112,ENSG00000228106,AL392172.1,222815022,222837384,1,1,12
112,113,ENSG00000228140,AL031283.1,15402979,15409433,-1,1,1
113,114,ENSG00000228153,AL161793.1,204663872,204664613,1,1,1
114,115,ENSG00000228176,AC092265.1,29708851,29709547,-1,1,1
115,116,ENSG00000228229,AC243961.1,13324039,13324518,1,1,1
116,117,ENSG00000228239,AL138900.1,157232231,157237136,-1,1,1
117,118,ENSG00000228255,AC096639.1,213731416,213794587,1,1,1
118,119,ENSG00000228261,ITPRIP-AS1,104323369,104327004,1,10,1
119,120,ENSG00000228423,AL357552.2,8805860,8807051,-1,1,1
120,121,ENSG00000228426,AL645634.1,43665668,43667005,1,10,1
121,122,ENSG00000228484,AL137025.1,114764788,114794344,1,10,2
122,123,ENSG00000228527,AC016396.1,58304553,58305621,1,10,1
123,124,ENSG00000228549,BX284668.2,16870945,16874092,1,1,5
124,125,ENSG00000228566,AC022387.1,63664664,63990568,1,10,1
125,126,ENSG00000228634,AL136115.1,31933020,31933975,1,1,1
126,127,ENSG00000228683,AC016820.1,78696062,78697022,-1,10,1
127,128,ENSG00000228697,AL023755.1,168400829,168495685,-1,1,4
128,129,ENSG00000228734,AC096543.2,63249920,63251771,1,1,1
129,130,ENSG00000228778,AL513542.1,99526948,99528467,1,10,1
130,131,ENSG00000228792,AL356310.1,211635906,211642867,-1,1,1
131,132,ENSG00000228800,AL590068.1,30553854,30554483,-1,10,1
132,133,ENSG00000228826,AL592494.1,121494379,121510383,-1,1,1
133,134,ENSG00000229116,AL137026.1,44282926,44293709,-1,10,2
134,135,ENSG00000229206,AL162408.1,11030334,11030868,-1,10,1
135,136,ENSG00000229225,AL162400.2,63078081,63079031,-1,1,1
136,137,ENSG00000229227,AL356056.1,46597918,46612154,1,10,8
137,138,ENSG00000229255,AC138089.1,248484245,248485484,-1,1,1
138,139,ENSG00000229543,AC010163.1,78293842,78301003,1,10,1
139,140,ENSG00000229569,AL356753.1,79000484,79003803,-1,10,1
140,141,ENSG00000229588,AL390115.1,166334884,166335762,1,1,1
141,142,ENSG00000229607,AL137027.1,30810378,30815553,-1,1,1
142,143,ENSG00000229699,AL161636.1,153174518,153191676,1,1,1
143,144,ENSG00000229943,AC133865.1,74963314,74965118,1,1,1
144,145,ENSG00000229960,AL590483.1,244068820,244093026,-1,1,1
145,146,ENSG00000229983,AL606468.1,212168207,212190259,1,1,1
146,147,ENSG00000230015,AL365184.2,240739419,240739853,-1,1,1
147,148,ENSG00000230027,AC092813.2,76041691,76066228,1,1,1
148,149,ENSG00000230096,AC022535.1,4415305,4426179,-1,10,1
149,150,ENSG00000230229,AC010163.2,78352597,78356100,1,10,1
150,151,ENSG00000230285,AC092807.1,85599131,85600734,1,1,1
151,152,ENSG00000230298,AL590068.2,30576699,30580182,1,10,1
152,153,ENSG00000230381,AL136376.1,116429049,116433368,-1,1,1
153,154,ENSG00000230404,AL161640.1,234565298,234570088,1,1,1
154,155,ENSG00000230526,AC073370.1,71878356,71879107,1,10,1
155,156,ENSG00000230555,AL450326.1,43420738,43422100,1,10,1
156,157,ENSG00000230615,AL139220.2,44030443,44115913,1,1,23
157,158,ENSG00000230628,AL160408.3,234669523,234696153,-1,1,1
158,159,ENSG00000230687,AL008626.1,175203228,175204849,-1,1,1
159,160,ENSG00000230699,AL645608.2,911435,914948,1,1,1
160,161,ENSG00000230704,AL021940.1,169762929,169764648,-1,1,1
161,162,ENSG00000230714,AL355526.1,218031835,218033660,1,1,1
162,163,ENSG00000230759,AC095032.2,103414879,103425465,1,1,1
163,164,ENSG00000230834,AC068580.2,1776930,1778388,-1,11,1
164,165,ENSG00000230864,AC099567.1,102763322,102853842,-1,1,1
165,166,ENSG00000230967,AL133387.3,101322485,101323394,-1,10,1
166,167,ENSG00000231039,AL355303.1,5234358,5263408,1,10,1
167,168,ENSG00000231246,AL445426.1,112177234,112360528,-1,1,1
168,169,ENSG00000231252,AC099792.1,60659631,60867998,-1,1,3
169,170,ENSG00000231413,AL356289.2,48078787,48082196,-1,1,1
170,171,ENSG00000231485,AL357078.1,65066627,65067737,-1,1,1
171,172,ENSG00000231487,AP006285.2,1662584,1663343,-1,11,1
172,173,ENSG00000231492,AP003774.2,64420391,64432670,1,11,2
173,174,ENSG00000231496,AL136369.2,10960151,10970816,1,10,1
174,175,ENSG00000231601,AL157709.1,743992,744958,1,10,1
175,176,ENSG00000231606,AL357873.1,14221891,14223118,-1,1,1
176,177,ENSG00000231630,AL592464.1,2814432,2814998,-1,1,1
177,178,ENSG00000231698,AP002856.2,131253422,131350917,1,11,2
178,179,ENSG00000231705,AL451069.2,132419083,132420953,1,10,1
179,180,ENSG00000231714,AL513348.1,194350943,194352426,1,1,1
180,181,ENSG00000231740,AL136985.1,58838448,58851254,-1,1,1
181,182,ENSG00000231791,AL445228.1,184329071,184332826,1,1,1
182,183,ENSG00000231829,AL157834.1,95141925,95168425,-1,10,1
183,184,ENSG00000231877,AL359551.1,238485445,238538305,1,1,1
184,185,ENSG00000231949,AL161638.1,30415825,30421108,1,1,1
185,186,ENSG00000231979,AL356361.2,239915439,239916955,-1,1,1
186,187,ENSG00000232188,AL354714.3,160931739,160934380,-1,1,1
187,188,ENSG00000232245,AL035415.1,54416256,54420860,1,1,1
188,189,ENSG00000232259,AL158166.2,127929376,127934517,-1,10,1
189,190,ENSG00000232309,AL390856.1,182127297,182128682,-1,1,2
190,191,ENSG00000232347,AL390728.5,247210691,247241823,-1,1,1
191,192,ENSG00000232436,AL360013.2,221508559,221510979,1,1,1
192,193,ENSG00000232470,AL136368.1,110869743,110871594,1,10,1
193,194,ENSG00000232500,AP005273.1,64500853,64505386,1,11,1
194,195,ENSG00000232537,AC092810.3,209147267,209155101,-1,1,1
195,196,ENSG00000232638,AL390294.1,8051541,8053084,1,10,1
196,197,ENSG00000232721,AC239800.2,143736066,143739506,1,1,1
197,198,ENSG00000232895,AL121999.1,114206427,114262278,-1,1,1
198,199,ENSG00000232985,AL355537.1,128958772,128960062,-1,10,1
199,200,ENSG00000233234,AL592464.2,2811850,2812692,-1,1,1
200,201,ENSG00000233258,AL390786.1,83911654,83912922,-1,10,1
201,202,ENSG00000233290,AL157944.1,82212413,82848205,-1,1,4
202,203,ENSG00000233336,AC245056.1,13146981,13147460,-1,1,1
203,204,ENSG00000233359,AC114485.1,102199739,102389630,-1,1,1
204,205,ENSG00000233372,AL137076.1,30140263,30141607,1,1,1
205,206,ENSG00000233387,IATPR,33096257,33116672,-1,10,1
206,207,ENSG00000233472,AL390866.1,27999788,28049615,1,10,1
207,208,ENSG00000233536,AP000943.1,94638038,94640833,1,11,1
208,209,ENSG00000233645,AL358876.2,8218190,8220529,-1,1,1
209,210,ENSG00000233755,AL050344.1,25043707,25113120,-1,1,2
210,211,ENSG00000233775,AL109945.1,32349194,32350663,-1,1,1
211,212,ENSG00000234116,AL606534.3,243005845,243007468,-1,1,1
212,213,ENSG00000234182,AL731533.1,3010531,3013111,1,10,1
213,214,ENSG00000234190,AC241644.2,147777590,147788953,1,1,1
214,215,ENSG00000234225,AC244394.2,147001931,147003618,-1,1,2
215,216,ENSG00000234244,AL512641.1,18746433,18747853,1,10,1
216,217,ENSG00000234248,AL392086.1,6891457,6920472,-1,10,1
217,218,ENSG00000234296,AL390961.1,26643228,26645016,1,10,1
218,219,ENSG00000234306,AL583859.1,10365180,10366487,-1,10,1
219,220,ENSG00000234318,AC099794.1,62896009,62901639,1,1,1
220,221,ENSG00000234396,AL590822.1,2212523,2220738,1,1,1
221,222,ENSG00000234464,AL356010.2,238276037,238287016,1,1,1
222,223,ENSG00000234542,AL357127.1,123574227,123583767,1,10,1
223,224,ENSG00000234571,AC239798.2,143877731,143885076,-1,1,1
224,225,ENSG00000234580,AL356157.1,44591208,44602104,-1,10,1
225,226,ENSG00000234640,AL390763.1,128316282,128320214,-1,10,1
226,227,ENSG00000234754,AL445470.1,221330080,221336296,-1,1,2
227,228,ENSG00000234810,AL603840.1,55329288,56070513,1,1,6
228,229,ENSG00000234917,AC098484.2,42678735,42681659,1,1,1
229,230,ENSG00000234918,AL157387.1,37240887,37242049,1,10,1
230,231,ENSG00000235011,AL353651.1,79323769,79324863,1,1,1
231,232,ENSG00000235021,AL591848.2,246690047,246691821,1,1,1
232,233,ENSG00000235038,AL445193.2,58060139,58080274,1,1,1
233,234,ENSG00000235052,AL021154.1,23549139,23550915,-1,1,1
234,235,ENSG00000235100,AL157400.3,89667181,89699671,-1,10,1
235,236,ENSG00000235140,AC026391.1,59578467,59650345,1,10,3
236,237,ENSG00000235146,AC114498.1,587629,594768,1,1,2
237,238,ENSG00000235152,AL353052.1,232160091,232185643,1,1,1
238,239,ENSG00000235198,AC005871.1,117562084,117572457,-1,10,1
239,240,ENSG00000235215,AL592431.1,59055999,59078116,-1,1,1
240,241,ENSG00000235263,AL928921.1,9501092,9503471,-1,1,1
241,242,ENSG00000235303,AL023495.1,170598854,170647339,1,1,1
242,243,ENSG00000235356,AL592466.1,65271319,65315080,1,10,2
243,244,ENSG00000235358,AC093151.3,41242373,41284861,1,1,3
244,245,ENSG00000235612,AL353681.1,56145721,56155224,1,1,1
245,246,ENSG00000235736,AL031275.1,168763365,168774490,-1,1,1
246,247,ENSG00000235858,AL359195.1,80333771,80334426,1,10,1
247,248,ENSG00000236009,AL592309.2,21415898,21417492,1,1,2
248,249,ENSG00000236069,AL136987.1,192517190,192538102,1,1,2
249,250,ENSG00000236098,AC097059.2,94318479,94324569,-1,1,1
250,251,ENSG00000236129,AP002856.3,131187022,131189753,1,11,1
251,252,ENSG00000236140,AC245014.1,145286610,145287755,-1,1,1
252,253,ENSG00000236206,AL356441.1,165598463,165623331,1,1,1
253,254,ENSG00000236230,AL356108.1,222088806,222389103,-1,1,2
254,255,ENSG00000236335,AL161638.2,30409560,30411638,-1,1,1
255,256,ENSG00000236372,AL353052.2,232174932,232180113,-1,1,1
256,257,ENSG00000236427,AL589986.2,152205858,152207057,1,1,1
257,258,ENSG00000236601,AL732372.1,358857,366052,1,1,3
258,259,ENSG00000236716,AL355376.1,28743745,28744663,1,10,1
259,260,ENSG00000236800,AC068898.1,48664199,48672424,-1,10,1
260,261,ENSG00000236846,AL359979.2,223144049,223144954,1,1,1
261,262,ENSG00000236889,AC244035.2,206175060,206177246,-1,1,1
262,263,ENSG00000236892,AL357833.1,3532094,3537031,-1,10,2
263,264,ENSG00000236897,AC113331.1,5106062,5107530,-1,11,1
264,265,ENSG00000236947,AL139412.1,156446412,156456577,-1,1,2
265,266,ENSG00000236948,AL365255.1,5561709,5668295,-1,1,2
266,267,ENSG00000236968,AL451164.1,3223816,3227407,1,10,1
267,268,ENSG00000236990,AC025822.2,4051726,4089013,1,10,1
268,269,ENSG00000237002,AL590730.1,36438616,36442392,1,10,2
269,270,ENSG00000237011,AL357793.2,193684246,193688429,-1,1,1
270,271,ENSG00000237074,AL596218.1,207240122,207309292,1,1,2
271,272,ENSG00000237076,AL035706.1,83790280,83801465,1,1,1
272,273,ENSG00000237283,AL691515.1,188705623,188710880,-1,1,1
273,274,ENSG00000237343,AC246785.3,144418113,144419192,-1,1,1
274,275,ENSG00000237389,AL645634.2,43630882,43631564,-1,10,1
275,276,ENSG00000237390,AL139130.1,156388226,156395609,1,1,1
276,277,ENSG00000237445,AL359771.1,13657311,13659910,-1,1,1
277,278,ENSG00000237480,AL355306.2,105956694,106124564,1,1,10
278,279,ENSG00000237480,AL355306.2,105956694,106124564,1,1,10
279,280,ENSG00000237491,AL669831.5,778770,810060,1,1,21
280,281,ENSG00000237500,AL713851.2,2499721,2500570,1,10,1
281,282,ENSG00000237520,AL391832.1,234957231,234959989,1,1,1
282,283,ENSG00000237588,AL590666.3,156687695,156691997,-1,1,1
283,284,ENSG00000237590,AL137026.2,44259602,44261813,-1,10,1
284,285,ENSG00000237612,AP002856.4,131234538,131251816,1,11,1
285,286,ENSG00000237756,AL592435.2,163259850,163260659,1,1,1
286,287,ENSG00000237759,AL590483.2,244107365,244109011,1,1,1
287,288,ENSG00000237797,MACORIS,31693084,31707388,-1,10,1
288,289,ENSG00000237845,AL139161.2,235942553,235943805,-1,1,1
289,290,ENSG00000237899,AL031289.1,40669089,40687588,-1,1,1
290,291,ENSG00000237954,AL445218.1,95356229,95381000,-1,1,2
291,292,ENSG00000238005,AL391832.2,234957342,234970062,-1,1,6
292,293,ENSG00000238009,AL627309.1,89295,133723,-1,1,5
293,294,ENSG00000238054,AL691515.2,188869477,188888540,-1,1,2
294,295,ENSG00000238122,AL359258.1,108261196,108273689,-1,1,1
295,296,ENSG00000238142,BX284668.5,16888538,16889649,-1,1,3
296,297,ENSG00000238176,AL390061.1,36940109,36943932,1,10,1
297,298,ENSG00000238198,AL357055.3,113011687,113073105,-1,1,1
298,299,ENSG00000238232,AL356364.1,219557192,219557701,1,1,1
299,300,ENSG00000238270,AL591504.1,189868001,189868528,-1,1,1
300,301,ENSG00000238290,AL034417.2,8026738,8122702,1,1,1
301,302,ENSG00000238291,AL391704.2,90462717,90467952,1,10,1
302,303,ENSG00000239216,AL139420.2,119000618,119001405,-1,1,1
303,304,ENSG00000239945,AL627309.3,89551,91105,-1,1,1
304,305,ENSG00000240219,AL512306.2,204626775,204629712,1,1,1
305,306,ENSG00000240996,AL157400.4,89694295,89697928,-1,10,1
306,307,ENSG00000241042,AL592431.2,59054397,59056049,-1,1,1
307,308,ENSG00000241169,FO393419.2,27457198,27459582,1,1,1
308,309,ENSG00000241180,AL645608.4,914171,914971,1,1,1
309,310,ENSG00000241317,AL133481.3,79504073,79506281,-1,10,1
310,311,ENSG00000241475,AL160408.4,234660271,234667104,1,1,1
311,312,ENSG00000241505,AL391645.1,190480379,190494297,1,1,1
312,313,ENSG00000241599,AL627309.4,160446,161525,1,1,1
313,314,ENSG00000243062,AL359853.3,179730217,179742697,1,1,2
314,315,ENSG00000243636,AL445493.2,207179296,207184062,1,1,1
315,316,ENSG00000244953,AC087521.1,43943787,43947206,-1,11,1
316,317,ENSG00000245156,AP001107.1,66269832,66278525,-1,11,1
317,318,ENSG00000246523,AP001528.1,86955619,87000959,1,11,2
318,319,ENSG00000246820,AC091013.1,8169167,8178903,1,11,1
319,320,ENSG00000247373,AC055713.1,123575891,123585115,-1,12,1
320,321,ENSG00000249094,AC007834.1,109880676,109888467,1,12,1
321,322,ENSG00000250041,AC069360.1,10884885,10899322,-1,11,2
322,323,ENSG00000250105,AP002748.1,66558866,66560384,-1,11,1
323,324,ENSG00000250230,AP002754.1,61588494,61607550,1,11,1
324,325,ENSG00000250390,AP001790.1,95482406,95497553,1,11,1
325,326,ENSG00000250519,AP002784.1,94238150,94279206,1,11,2
326,327,ENSG00000250790,AC127070.2,132911470,132914732,1,12,1
327,328,ENSG00000250899,AC125807.2,3041437,3044950,1,12,1
328,329,ENSG00000251138,AC090502.1,74133166,74402535,-1,12,5
329,330,ENSG00000254271,ANK3-DT,60734342,60741828,1,10,1
330,331,ENSG00000254434,AP006295.1,80321620,80327911,-1,11,1
331,332,ENSG00000254443,AC068733.1,6362799,6365267,1,11,2
332,333,ENSG00000254467,AP002765.1,123668499,123671637,1,11,1
333,334,ENSG00000254468,AC069287.1,112967,125927,-1,11,2
334,335,ENSG00000254511,AP002802.1,81970994,81987813,1,11,1
335,336,ENSG00000254514,AC103855.1,45582525,45583474,1,11,1
336,337,ENSG00000254526,AC090791.1,29159956,29266734,1,11,1
337,338,ENSG00000254532,AC124657.1,30044058,30084343,-1,11,1
338,339,ENSG00000254539,AC239804.1,149048576,149051273,1,1,1
339,340,ENSG00000254566,AC087277.1,36321158,36323440,-1,11,1
340,341,ENSG00000254573,AP004550.1,134563396,134573056,1,11,1
341,342,ENSG00000254586,AC124301.1,17695022,17697471,1,11,2
342,343,ENSG00000254587,AP003066.1,96590317,96713822,1,11,1
343,344,ENSG00000254599,AP003715.1,98676391,98683735,1,11,1
344,345,ENSG00000254605,AP003555.2,70014858,70021059,-1,11,2
345,346,ENSG00000254606,AC013714.1,28516832,28519341,1,11,1
346,347,ENSG00000254619,AC113192.1,33810145,33811178,1,11,1
347,348,ENSG00000254626,AP003100.1,112787304,112795854,1,11,1
348,349,ENSG00000254639,AC116021.1,46238382,46239267,1,11,1
349,350,ENSG00000254645,AC087379.1,15701963,15758898,-1,11,1
350,351,ENSG00000254648,AP000911.2,134035832,134037107,-1,11,1
351,352,ENSG00000254651,AC018716.1,45399448,45400528,1,11,1
352,353,ENSG00000254653,AC024475.1,46116578,46117318,1,11,1
353,354,ENSG00000254669,AL135934.1,35579430,35585310,-1,11,1
354,355,ENSG00000254686,AL138812.1,35656694,35661339,1,11,1
355,356,ENSG00000254695,AC087379.2,15643885,15705368,1,11,1
356,357,ENSG00000254731,AP003059.1,86703099,86714092,1,11,1
357,358,ENSG00000254734,AC107973.1,29713909,29881714,1,11,1
358,359,ENSG00000254754,AC013799.1,25924188,25926808,1,11,1
359,360,ENSG00000254757,AC127526.1,3469319,3531328,1,11,1
360,361,ENSG00000254789,AC073172.1,15571819,15622403,-1,11,2
361,362,ENSG00000254790,AP000842.1,125940496,125941193,-1,11,1
362,363,ENSG00000254804,AP006437.1,55684141,55686160,-1,11,1
363,364,ENSG00000254810,AP001189.3,76654169,76656712,-1,11,1
364,365,ENSG00000254819,AC021698.1,26285711,26288007,-1,11,1
365,366,ENSG00000254820,AC107882.1,22113448,22117001,1,11,1
366,367,ENSG00000254822,AC023442.2,41876634,41877078,1,11,1
367,368,ENSG00000254830,AP002428.1,98938912,98945079,-1,11,1
368,369,ENSG00000254833,AP001893.3,126160714,126176035,1,11,1
369,370,ENSG00000254847,AC009806.1,12538083,12540967,-1,11,1
370,371,ENSG00000254861,AC100768.1,23761330,23804598,-1,11,1
371,372,ENSG00000254872,AC139749.1,1049880,1055749,1,11,2
372,373,ENSG00000254874,AP003171.1,92965797,92966603,1,11,1
373,374,ENSG00000254885,AP001547.1,79191558,79193160,1,11,1
374,375,ENSG00000254927,AC027779.1,13826843,13879499,-1,11,1
375,376,ENSG00000254938,AP002833.1,126920188,126940659,-1,11,1
376,377,ENSG00000254971,AP003122.2,89753982,89754953,-1,11,1
377,378,ENSG00000254972,AP003498.1,71701268,71705404,-1,11,1
378,379,ENSG00000254975,AP001189.4,76675079,76703195,1,11,1
379,380,ENSG00000254987,AP002989.1,103675994,103895271,-1,11,1
380,381,ENSG00000254989,AP001999.2,134671426,134672024,-1,11,1
381,382,ENSG00000254990,AP001781.1,111768668,111778350,-1,11,2
382,383,ENSG00000254991,AC124276.1,12066929,12073014,1,11,1
383,384,ENSG00000255015,AP000755.1,122294938,122301763,-1,11,1
384,385,ENSG00000255029,AC110058.1,29519076,29552639,1,11,1
385,386,ENSG00000255032,AC104241.1,44719392,44736692,-1,11,1
386,387,ENSG00000255041,AC103855.3,45387215,45513802,-1,11,1
387,388,ENSG00000255087,AP001993.1,127021754,127172363,1,11,6
388,389,ENSG00000255094,AC090159.1,27978669,28019575,-1,11,1
389,390,ENSG00000255102,AP005436.1,88061774,88098147,-1,11,1
390,391,ENSG00000255121,AP003392.4,118994824,118998004,-1,11,2
391,392,ENSG00000255132,AC090138.1,41394595,41426504,1,11,1
392,393,ENSG00000255135,AP002360.1,76441338,76444656,-1,11,2
393,394,ENSG00000255136,AP001972.3,75208054,75241173,-1,11,3
394,395,ENSG00000255142,AP006621.2,781645,782105,1,11,1
395,396,ENSG00000255160,AC009652.1,19299883,19308358,1,11,2
396,397,ENSG00000255179,AC027804.1,7222933,7230863,1,11,1
397,398,ENSG00000255191,AP003555.3,69985876,70015815,1,11,1
398,399,ENSG00000255209,AP001978.1,79604967,79612300,-1,11,1
399,400,ENSG00000255216,AP001360.2,120008604,120012158,-1,11,1
400,401,ENSG00000255227,AC090124.2,29445487,29457393,1,11,1
401,402,ENSG00000255233,AP003969.1,93240133,93241168,1,11,1
402,403,ENSG00000255243,AC099687.1,26189123,26208347,1,11,1
403,404,ENSG00000255246,AP000793.1,82603743,82643419,-1,11,1
404,405,ENSG00000255247,AP003390.2,119709920,119713925,1,11,1
405,406,ENSG00000255250,AP003059.2,86727355,86765265,1,11,1
406,407,ENSG00000255260,KC877392.1,11243188,11243715,-1,11,1
407,408,ENSG00000255271,AL137224.1,34533014,34557924,-1,11,1
408,409,ENSG00000255279,AC023442.3,41855920,41875997,1,11,3
409,410,ENSG00000255284,AP006621.3,777578,784297,1,11,3
410,411,ENSG00000255299,AP003557.1,58497888,58505758,-1,11,3
411,412,ENSG00000255314,AC024475.4,46123031,46177106,1,11,3
412,413,ENSG00000255328,AC136475.5,327171,330122,1,11,3
413,414,ENSG00000255345,AP002957.1,79092848,79098003,1,11,3
414,415,ENSG00000255357,AC055878.1,22492112,22502846,1,11,1
415,416,ENSG00000255384,AP001267.2,118433121,118435206,-1,11,1
416,417,ENSG00000255400,AC124276.2,12086891,12089441,1,11,1
417,418,ENSG00000255426,AC044839.4,45733994,45735766,-1,11,1
418,419,ENSG00000255429,AP003400.1,89546637,89589611,-1,11,1
419,420,ENSG00000255447,AC044839.5,45813219,45825258,1,11,1
420,421,ENSG00000255451,AC010768.4,44468464,44470429,1,11,1
421,422,ENSG00000255455,AP003486.1,130866254,130870247,-1,11,1
422,423,ENSG00000255470,AC090099.4,18140186,18189495,-1,11,1
423,424,ENSG00000255475,AP001007.2,125132847,125139587,-1,11,1
424,425,ENSG00000255477,AC021713.1,38498995,38500186,1,11,1
425,426,ENSG00000255479,AP001189.6,76625462,76626834,-1,11,1
426,427,ENSG00000255503,AP001767.3,83072402,83097196,-1,11,1
427,428,ENSG00000255516,AP005436.3,88050106,88062110,1,11,1
428,429,ENSG00000255528,AP003123.1,109002465,109037967,-1,11,1
429,430,ENSG00000255557,AP001266.2,65745729,65771585,1,11,1
430,431,ENSG00000255558,AC013762.1,13054615,13134839,-1,11,1
431,432,ENSG00000255580,AP000462.1,115363629,115377931,1,11,1
432,433,ENSG00000255599,AP000997.1,115628065,115629743,1,11,1
433,434,ENSG00000255605,AP000820.1,95698086,95700623,1,11,1
434,435,ENSG00000255606,AP000439.1,69438365,69444743,-1,11,1
435,436,ENSG00000255689,AP003174.1,115582297,115600339,1,11,1
436,437,ENSG00000255801,AC092746.1,8548361,8567613,-1,12,1
437,438,ENSG00000255858,AC055720.1,26315715,26317813,1,12,1
438,439,ENSG00000255931,AP003108.1,61496440,61500076,1,11,1
439,440,ENSG00000255944,AC006065.3,126628172,126690322,-1,12,1
440,441,ENSG00000255947,AP002754.2,61654665,61655702,-1,11,1
441,442,ENSG00000255980,AP000439.3,69425690,69429621,1,11,1
442,443,ENSG00000256001,AC079949.1,127145072,127146532,-1,12,2
443,444,ENSG00000256092,AC137767.1,123363868,123366113,1,12,2
444,445,ENSG00000256101,AC092745.1,8321876,8329614,1,12,2
445,446,ENSG00000256152,AC027290.1,122865335,122867021,1,12,1
446,447,ENSG00000256249,AC026333.3,122687125,122715979,1,12,2
447,448,ENSG00000256256,AC019209.1,25882955,25885855,-1,12,1
448,449,ENSG00000256281,AP003174.2,115532322,115532953,-1,11,1
449,450,ENSG00000256286,AC078878.2,126874821,126876232,1,12,1
450,451,ENSG00000256433,AC005840.2,6393905,6396148,1,12,1
451,452,ENSG00000256440,AC019209.2,25831416,25834182,-1,12,1
452,453,ENSG00000256443,AP003559.1,61539516,61542259,-1,11,1
453,454,ENSG00000256568,AP002761.2,73176694,73181696,1,11,1
454,455,ENSG00000256686,AC019209.3,25782706,25814171,-1,12,1
455,456,ENSG00000256732,AC006065.4,126610034,126690318,-1,12,4
456,457,ENSG00000256733,AP003721.2,61055737,61067535,1,11,1
457,458,ENSG00000256955,AC131009.2,131857420,131864538,1,12,1
458,459,ENSG00000256969,AC007207.2,4020977,4026658,1,12,2
459,460,ENSG00000256972,AP000462.3,115333577,115340262,1,11,1
460,461,ENSG00000257086,AP001453.4,64246939,64249494,-1,11,1
461,462,ENSG00000257124,AC093025.1,83661009,83661719,-1,12,1
462,463,ENSG00000257183,AC090502.3,74248637,74283669,-1,12,1
463,464,ENSG00000257194,AC126178.1,90107739,90112779,1,12,1
464,465,ENSG00000257262,AC023511.1,30200983,30217916,1,12,1
465,466,ENSG00000257265,AC123905.1,71007773,71032083,-1,12,1
466,467,ENSG00000257373,AC012038.1,42979254,42996486,-1,12,1
467,468,ENSG00000257410,AC089984.1,71793855,71799627,-1,12,1
468,469,ENSG00000257431,AC089998.1,82512677,82515817,1,12,1
469,470,ENSG00000257454,AC025575.1,71034122,71104526,-1,12,1
470,471,ENSG00000257515,AC011601.1,71709171,71710374,-1,12,1
471,472,ENSG00000257543,AC063948.1,101408372,101409060,-1,12,1
472,473,ENSG00000257587,AC136188.1,73906940,73919337,1,12,1
473,474,ENSG00000257634,AC079310.1,54682973,54687434,1,12,1
474,475,ENSG00000257682,AC090503.1,73203815,73206835,-1,12,1
475,476,ENSG00000257729,AC090679.1,84154434,84294562,1,12,3
476,477,ENSG00000257787,AC112481.1,90809276,90810680,1,12,1
477,478,ENSG00000257808,AC073573.1,53159586,53161000,1,12,1
478,479,ENSG00000257835,AC073591.1,77379820,77390864,1,12,1
479,480,ENSG00000257837,AC089998.2,82505211,82506188,-1,12,1
480,481,ENSG00000257849,AC012038.2,42966122,42967353,1,12,1
481,482,ENSG00000257863,AC090049.1,91901458,91906187,1,12,1
482,483,ENSG00000257940,AC079598.1,87816486,87817831,1,12,1
483,484,ENSG00000257995,AC084365.1,90617759,90622822,-1,12,1
484,485,ENSG00000258053,AC025575.2,71047402,71118247,-1,12,1
485,486,ENSG00000258082,AL391832.3,234979647,234980804,-1,1,1
486,487,ENSG00000258114,AC005871.2,117425194,117490419,1,10,1
487,488,ENSG00000258125,AC025254.1,91680131,91680873,1,12,1
488,489,ENSG00000258170,AC089998.4,82481118,82497560,-1,12,1
489,490,ENSG00000258178,AC016993.1,85958686,85960946,1,12,1
490,491,ENSG00000258216,AC009522.1,89712048,90100763,1,12,3
491,492,ENSG00000258235,AC133480.1,72727923,72728844,-1,12,1
492,493,ENSG00000258308,AC079907.2,101954998,101962390,-1,12,2
493,494,ENSG00000258338,AC090680.1,83171590,83172740,1,12,1
494,495,ENSG00000259776,AC093426.1,239247808,239250818,-1,1,1
495,496,ENSG00000259834,AL365361.1,110653560,110657040,-1,1,1
496,497,ENSG00000259854,AP005233.1,69414307,69416832,1,11,1
497,498,ENSG00000259865,AL390728.6,247187281,247188526,-1,1,1
498,499,ENSG00000259869,AL022344.1,42751178,42754297,-1,10,1
499,500,ENSG00000259946,BX005019.1,97967005,97968814,-1,1,1
500,501,ENSG00000260008,AP001527.1,102107886,102109842,1,11,1
501,502,ENSG00000260088,AL445483.1,200669507,200694250,1,1,1
502,503,ENSG00000260137,AL132657.2,37791580,37791937,1,10,1
503,504,ENSG00000260179,AL162741.1,1249777,1251334,-1,1,1
504,505,ENSG00000260205,AL157831.2,22218074,22221168,1,10,1
505,506,ENSG00000260209,AP000842.3,125873031,125874528,-1,11,2
506,507,ENSG00000260254,AP000997.2,115638563,115646962,1,11,1
507,508,ENSG00000260322,AC098657.2,80114943,80116918,1,1,1
508,509,ENSG00000260348,AP007216.1,69909184,69910994,-1,11,1
509,510,ENSG00000260360,AL353708.1,179953184,179954440,-1,1,1
510,511,ENSG00000260370,AC215217.1,14061,16544,-1,10,2
511,512,ENSG00000260460,AL365181.1,156509854,156511681,1,1,1
512,513,ENSG00000260475,AL353719.1,99621055,99621918,1,10,1
513,514,ENSG00000260505,AC096644.4,220401122,220404033,1,1,1
514,515,ENSG00000260679,AP007216.2,69921638,69926813,-1,11,1
515,516,ENSG00000260698,AL591848.3,246682108,246685075,1,1,1
516,517,ENSG00000260805,AC092803.2,212557833,212559731,-1,1,1
517,518,ENSG00000260808,AP003096.1,68612899,68616711,-1,11,3
518,519,ENSG00000260855,AL591848.4,246772301,246775772,1,1,1
519,520,ENSG00000260877,AP005233.2,69371463,69372512,1,11,1
520,521,ENSG00000260895,AP003071.1,69103493,69109094,1,11,1
521,522,ENSG00000260971,AC119674.1,56154545,56477687,-1,1,24
522,523,ENSG00000260972,Z98259.1,5492978,5494674,1,1,1
523,524,ENSG00000261000,AC244034.2,206503948,206504456,1,1,1
524,525,ENSG00000261025,AL445471.2,24968423,24970865,-1,1,1
525,526,ENSG00000261055,AL450468.2,109895973,109897861,1,1,1
526,527,ENSG00000261070,AP003071.2,69147228,69171564,-1,11,1
527,528,ENSG00000261076,AC016396.2,58325614,58327030,-1,10,1
528,529,ENSG00000261098,AP000766.1,107312132,107316271,-1,11,1
529,530,ENSG00000261135,AL137802.2,16514645,16515754,1,1,1
530,531,ENSG00000261182,AL596211.1,188218400,188220676,1,1,1
531,532,ENSG00000261213,AC099786.3,75122518,75123927,-1,1,1
532,533,ENSG00000261257,AP000821.1,126100505,126102413,-1,11,1
533,534,ENSG00000261347,AP000439.4,69467598,69469705,1,11,1
534,535,ENSG00000261368,AL731537.2,50964270,50965220,1,10,1
535,536,ENSG00000261642,AL713866.1,191151510,191154634,1,1,1
536,537,ENSG00000261671,AL158211.1,22257786,22258548,1,10,1
537,538,ENSG00000261729,AL133383.1,185655002,185657168,1,1,1
538,539,ENSG00000261817,AL390718.1,180117140,180123890,-1,1,1
539,540,ENSG00000261831,AL353708.2,179926641,179941796,-1,1,1
540,541,ENSG00000262412,AL160291.1,27243130,27250804,1,10,1
541,542,ENSG00000263041,AL513324.1,117825903,117830518,-1,10,1
542,543,ENSG00000264443,AL445686.2,24538802,24556024,-1,1,1
543,544,ENSG00000267940,AC022762.2,6201901,6203253,-1,11,1
544,545,ENSG00000269038,AP001462.1,64778954,64779405,1,11,1
545,546,ENSG00000269489,AL589765.6,151798054,151798602,1,1,1
546,547,ENSG00000269892,AC125494.2,6742985,6743641,1,12,1
547,548,ENSG00000269895,AP000654.1,86833068,86837615,1,11,1
548,549,ENSG00000269967,AL136115.2,31851913,31921841,-1,1,1
549,550,ENSG00000269978,AL359881.1,7700704,7700970,-1,1,1
550,551,ENSG00000270030,AC136475.7,325703,326294,-1,11,1
551,552,ENSG00000270035,AL359881.2,7698303,7698872,-1,1,1
552,553,ENSG00000270066,AL356488.2,109100193,109100619,1,1,1
553,554,ENSG00000270087,AC010997.3,75279726,75401246,-1,10,2
554,555,ENSG00000270103,AL360012.1,28648600,28648730,1,1,1
555,556,ENSG00000270104,AL670729.3,228384114,228385016,-1,1,1
556,557,ENSG00000270105,AC136475.8,322186,322727,-1,11,1
557,558,ENSG00000270111,CELF2-DT,10418739,10462349,-1,10,2
558,559,ENSG00000270115,AL513327.3,33261212,33261680,1,1,1
559,560,ENSG00000270117,AP000769.2,65498010,65498405,-1,11,1
560,561,ENSG00000270171,AL359881.3,7693124,7694844,-1,1,1
561,562,ENSG00000270361,AL451085.1,154937370,154938059,1,1,1
562,563,ENSG00000270403,AP001554.1,117668483,117668858,1,11,1
563,564,ENSG00000270457,AC093424.1,59289303,59289640,-1,1,1
564,565,ENSG00000270607,AC009549.1,19710934,19712619,-1,11,1
565,566,ENSG00000270972,AC136475.9,333192,333688,1,11,1
566,567,ENSG00000271046,AL512631.1,11679675,11680514,1,10,1
567,568,ENSG00000271200,AC099791.2,61741998,61742424,-1,1,1
568,569,ENSG00000271252,AL683887.1,95743096,95759470,1,1,1
569,570,ENSG00000271259,AC010201.1,89371820,89372359,1,12,1
570,571,ENSG00000271327,AC010201.2,89367807,89369301,1,12,1
571,572,ENSG00000271387,AL445228.2,184385753,184386704,-1,1,1
572,573,ENSG00000271390,AP003973.2,111089870,111090368,-1,11,1
573,574,ENSG00000271398,AL353622.2,28247144,28247568,1,1,1
574,575,ENSG00000271409,AC073176.1,70929925,70932057,1,10,1
575,576,ENSG00000271420,AL109936.2,23378380,23379029,-1,1,1
576,577,ENSG00000271427,AL358072.1,117364899,117365473,-1,1,1
577,578,ENSG00000271576,AL359504.2,84076331,84077931,-1,1,1
578,579,ENSG00000271732,AL137798.1,16617391,16617729,1,1,1
579,580,ENSG00000271742,AL121992.2,15682873,15683128,-1,1,1
580,581,ENSG00000271751,AP003392.5,119065263,119065677,-1,11,1
581,582,ENSG00000271757,AP002360.2,76392196,76392905,1,11,1
582,583,ENSG00000271758,AC044810.3,7704628,7882947,-1,11,1
583,584,ENSG00000271811,Z97200.1,170667381,170669425,1,1,1
584,585,ENSG00000271914,AL139286.2,35929720,35930115,-1,1,1
585,586,ENSG00000271981,AL158211.2,22332587,22332981,-1,10,1
586,587,ENSG00000271992,AL354872.2,70445071,70445536,1,1,1
587,588,ENSG00000272068,AL365181.2,156637783,156641004,-1,1,1
588,589,ENSG00000272088,AL512413.1,3487246,3487627,1,1,1
589,590,ENSG00000272094,AC091614.1,90860550,90862920,-1,1,1
590,591,ENSG00000272140,AC022400.6,73703735,73713581,-1,10,2
591,592,ENSG00000272141,AL390719.2,1169357,1170343,1,1,1
592,593,ENSG00000272205,AL451050.2,167219831,167220512,-1,1,1
593,594,ENSG00000272226,AL136985.2,58812808,58813342,-1,1,1
594,595,ENSG00000272235,AL590438.1,3306636,3310096,-1,1,1
595,596,ENSG00000272362,AL160408.5,234644666,234647571,1,1,1
596,597,ENSG00000272366,AL158211.3,22340377,22340615,-1,10,1
597,598,ENSG00000272371,AL591167.1,52554818,52555273,1,1,1
598,599,ENSG00000272426,BX284668.6,16904339,16904776,-1,1,1
599,600,ENSG00000272432,AL031432.3,25247837,25248321,1,1,1
600,601,ENSG00000272438,AL645608.6,904834,915976,1,1,1
601,602,ENSG00000272447,AL135925.1,79825902,79827602,1,10,1
602,603,ENSG00000272449,AL139246.5,2530064,2547460,1,1,2
603,604,ENSG00000272455,AL391244.2,1409096,1410618,1,1,1
604,605,ENSG00000272482,AC254633.1,12618900,12619244,-1,1,1
605,606,ENSG00000272506,AL357078.3,65003470,65004087,-1,1,1
606,607,ENSG00000272512,AL645608.7,995966,998051,-1,1,1
607,608,ENSG00000272516,AL158211.4,22332404,22332987,1,10,1
608,609,ENSG00000272583,AL592494.2,121518366,121518829,-1,1,1
609,610,ENSG00000272630,AL731563.3,73098044,73101297,-1,10,1
610,611,ENSG00000272642,AP003121.1,127188885,127223449,1,11,2
611,612,ENSG00000272654,AL358472.2,153977743,153979160,1,1,1
612,613,ENSG00000272672,AL391497.1,89939601,89940147,1,1,1
613,614,ENSG00000272691,AC092807.2,85578500,85578742,-1,1,1
614,615,ENSG00000272692,AC010997.4,75409157,75411842,1,10,1
615,616,ENSG00000272715,AL157904.1,116909149,116909531,-1,1,1
616,617,ENSG00000272748,AC063962.1,74821610,74822130,-1,10,1
617,618,ENSG00000272755,AC245297.2,149264252,149264816,1,1,1
618,619,ENSG00000272764,AL596094.1,5813985,5814441,1,10,1
619,620,ENSG00000272791,AC073389.3,73630556,73631490,1,10,1
620,621,ENSG00000272823,AL445423.1,220828676,220829211,-1,1,1
621,622,ENSG00000272824,AC245100.7,148358245,148358686,-1,1,1
622,623,ENSG00000272853,AC069544.1,14877688,14878686,-1,10,1
623,624,ENSG00000272855,AC104458.1,76636877,76637339,1,1,1
624,625,ENSG00000272864,AC135803.1,74698769,74699333,-1,1,1
625,626,ENSG00000272880,AL161734.1,181812705,181813261,1,1,1
626,627,ENSG00000272892,AL133551.1,67849525,67850746,1,10,1
627,628,ENSG00000272906,AL353708.3,179881607,179882595,-1,1,1
628,629,ENSG00000272912,AL356608.1,102914585,102915404,1,10,1
629,630,ENSG00000272931,AC099568.2,89820174,89820868,-1,1,1
630,631,ENSG00000272933,AL391121.1,102642792,102644140,-1,10,1
631,632,ENSG00000272971,AL365181.4,156614742,156615288,-1,1,1
632,633,ENSG00000272983,AL117339.4,38137337,38144399,1,10,1
633,634,ENSG00000272988,AC022392.1,72053294,72054037,-1,10,1
634,635,ENSG00000273001,AL731533.2,3065424,3066001,-1,10,1
635,636,ENSG00000273004,AL078644.2,185317779,185318530,1,1,1
636,637,ENSG00000273008,AC010864.1,43136824,43138334,-1,10,1
637,638,ENSG00000273012,AL353600.1,33341655,33341905,1,10,1
638,639,ENSG00000273038,AL365203.2,32887255,32889311,-1,10,1
639,640,ENSG00000273059,AC239803.2,148011799,148012228,1,1,1
640,641,ENSG00000273093,AC097065.2,200315435,200315967,-1,1,1
641,642,ENSG00000273107,AL512598.1,24953241,24953513,1,10,1
642,643,ENSG00000273124,AL365434.2,90997480,90997713,-1,10,1
643,644,ENSG00000273143,AL355512.1,110428840,110496204,-1,10,2
644,645,ENSG00000273153,AC067747.1,17137336,17137585,-1,10,1
645,646,ENSG00000273160,AL359962.2,167457742,167459891,-1,1,1
646,647,ENSG00000273162,AL133215.2,101060029,101061005,-1,10,1
647,648,ENSG00000273175,BX323046.1,244864738,244865272,1,1,1
648,649,ENSG00000273198,AL096803.3,186521773,186522304,1,1,1
649,650,ENSG00000273248,AC010997.5,75408973,75409326,-1,10,1
650,651,ENSG00000273264,AL360219.1,85467295,85467660,1,1,1
651,652,ENSG00000273365,AL451074.5,165706556,165707284,-1,1,1
652,653,ENSG00000273406,AC245008.1,120076616,120077091,1,1,1
653,654,ENSG00000273416,AL732292.2,235104180,235104609,-1,1,1
654,655,ENSG00000273443,AL645608.8,1062208,1063288,-1,1,1
655,656,ENSG00000273476,AL133215.3,100967688,100968135,1,10,1
656,657,ENSG00000273481,AL391069.3,151327949,151328429,1,1,1
657,658,ENSG00000273487,AC104836.1,92189237,92190707,1,1,1
658,659,ENSG00000273760,AC245041.1,47970043,47973496,-1,10,1
659,660,ENSG00000273980,AL592071.1,133257144,133257551,-1,10,1
660,661,ENSG00000274156,AC008121.2,50934942,50935464,-1,12,1
661,662,ENSG00000274191,AC026333.4,122634130,122634673,1,12,1
662,663,ENSG00000274251,AP003419.2,67353629,67354348,1,11,1
663,664,ENSG00000274265,AC245297.3,149176022,149251013,1,1,3
664,665,ENSG00000274560,AC010205.1,101696002,101696450,-1,12,1
665,666,ENSG00000274685,AL360181.4,133374736,133374869,-1,10,1
666,667,ENSG00000274979,AC020656.2,69326574,69331882,-1,12,1
667,668,ENSG00000275265,AC127002.1,122501187,122501641,1,12,1
668,669,ENSG00000275286,AC025253.1,44498616,44499158,-1,12,1
669,670,ENSG00000275484,AP003419.3,67374416,67374932,1,11,1
670,671,ENSG00000275703,U47924.3,6899752,6900212,1,12,1
671,672,ENSG00000276216,AC245014.3,145281116,145281462,1,1,1
672,673,ENSG00000276509,AC239799.1,146235806,146237807,1,1,1
673,674,ENSG00000276850,AC245041.2,47908064,47991850,-1,10,4
674,675,ENSG00000276997,AL513314.2,222477252,222504622,-1,1,6
675,676,ENSG00000277007,AC096642.1,219270774,219273387,1,1,1
676,677,ENSG00000277459,AP001527.2,102109827,102110457,-1,11,1
677,678,ENSG00000277738,AC126175.1,91634887,91635644,1,12,1
678,679,ENSG00000278011,AC024941.1,88601862,88602195,1,12,1
679,680,ENSG00000278266,AC079949.2,127147149,127150081,1,12,1
680,681,ENSG00000278376,AP004609.3,118791254,118793137,1,11,1
681,682,ENSG00000278467,AC138393.3,223994262,223995196,1,1,1
682,683,ENSG00000278484,AC010998.3,120984966,120985596,-1,10,1
683,684,ENSG00000278610,AC093152.1,222815064,222994906,1,1,1
684,685,ENSG00000278743,AC087239.1,25385670,25386241,-1,12,1
685,686,ENSG00000279151,AL021920.1,16701546,16705594,1,1,1
686,687,ENSG00000279261,AL360294.1,234757619,234760056,-1,1,2
687,688,ENSG00000279607,AL358613.2,93071972,93073466,1,10,1
688,689,ENSG00000280953,LINC01163,128181032,128317726,1,10,2
689,690,ENSG00000281097,AP003500.1,129612116,129617269,-1,11,1
690,691,ENSG00000281186,LINC00706,6774307,6779180,-1,10,1
691,692,ENSG00000281386,AP003500.2,129591493,129612110,1,11,1
692,693,ENSG00000281655,AP000851.2,102681310,102683913,1,11,1
693,694,ENSG00000282057,AC092807.3,85482281,85578250,-1,1,5
694,695,ENSG00000282097,AL160408.6,234709383,234720220,1,1,1
695,696,ENSG00000282143,AL137798.2,16656879,16667524,1,1,1
696,697,ENSG00000282265,AL450990.1,215393646,215394418,-1,1,1
697,698,ENSG00000282317,AL451007.2,244731024,244731586,1,1,1
698,699,ENSG00000282418,AC092811.2,225465021,225473837,1,1,1
699,700,ENSG00000282564,AL133516.1,230426491,230436822,1,1,1
700,701,ENSG00000282718,AC104333.4,212916787,212917577,1,1,1
701,702,ENSG00000282740,AL021920.3,16739938,16750589,-1,1,1
702,703,ENSG00000282787,AL157888.1,125162379,125162971,1,10,1
703,704,ENSG00000282843,AL590644.3,17193232,17201733,-1,1,1
704,705,ENSG00000282849,AL359834.1,200478020,200483604,-1,1,1
705,706,ENSG00000282863,AC012560.1,78179174,78675109,1,10,3
706,707,ENSG00000282887,AL358215.2,110472543,110474980,1,1,2
707,708,ENSG00000282898,AL353651.2,79323769,79324852,-1,1,1
708,709,ENSG00000282906,AL513321.2,65123667,65141185,1,10,2
709,710,ENSG00000282952,AL583852.1,78538391,78551719,-1,10,1
710,711,ENSG00000282996,MPP7-DT,28303300,28307658,1,10,1
711,712,ENSG00000283044,AL391597.1,207401691,207416236,-1,1,1
712,713,ENSG00000283053,AL390862.1,90622143,90623611,-1,10,1
713,714,ENSG00000283095,FP565171.1,131891640,131895297,1,10,1
714,715,ENSG00000283096,AL731555.1,78176928,78178186,1,10,1
715,716,ENSG00000283217,AC068205.1,43556436,43673393,1,11,4
716,717,ENSG00000283255,AL022100.2,168401483,168407274,-1,1,1
717,718,ENSG00000283317,AL831711.1,161433444,161440996,-1,1,1
718,719,ENSG00000283360,AL592295.3,161403409,161470523,-1,1,1
719,720,ENSG00000283415,AC087280.2,6821942,6926877,-1,11,1
720,721,ENSG00000283445,AL136985.3,58715609,58771295,1,1,2
721,722,ENSG00000283696,AL592295.4,161399409,161422424,1,1,1
722,723,ENSG00000283973,AC099795.1,42959065,42961864,-1,1,2
723,724,ENSG00000284616,AL139823.1,5301928,5307394,-1,1,1
724,725,ENSG00000284632,AL354702.2,38754216,38815979,-1,1,3
725,726,ENSG00000284640,AL590434.1,35141515,35146435,-1,1,1
726,727,ENSG00000284641,AL139254.2,20476222,20478937,1,1,2
727,728,ENSG00000284642,AL139424.2,10395416,10397432,1,1,4
728,729,ENSG00000284646,AL031291.1,11311734,11319093,-1,1,1
729,730,ENSG00000284650,AL031430.1,37133489,37136146,1,1,1
730,731,ENSG00000284652,BX323043.1,9421098,9422862,-1,1,1
731,732,ENSG00000284653,AL357509.1,18015712,18045612,1,1,1
732,733,ENSG00000284657,AL031432.5,25239494,25240253,1,1,1
733,734,ENSG00000284666,Z98259.2,5480787,5482028,-1,1,1
734,735,ENSG00000284676,AL645944.2,29755175,29790597,1,1,1
735,736,ENSG00000284677,AL031985.4,40436199,40450039,-1,1,1
736,737,ENSG00000284692,Z98259.3,5478736,5493057,-1,1,3
737,738,ENSG00000284694,AL355602.1,4479131,4484375,-1,1,1
738,739,ENSG00000284696,AL596275.2,50229662,50321170,-1,1,8
739,740,ENSG00000284699,AL445648.1,24704894,24717596,1,1,1
740,741,ENSG00000284702,AL136115.3,31972189,31987034,-1,1,1
741,742,ENSG00000284703,AL805961.2,4012921,4019508,-1,1,1
742,743,ENSG00000284705,AL596257.1,36703953,36710582,1,1,1
743,744,ENSG00000284710,Z98257.2,20272018,20275005,1,1,2
744,745,ENSG00000284716,AL034417.3,7998187,7999934,-1,1,1
745,746,ENSG00000284719,AL033527.5,39799422,39809450,1,1,2
746,747,ENSG00000284720,AC117945.2,36768122,36769725,-1,1,1
747,748,ENSG00000284721,AL662907.3,33194788,33200353,1,1,2
748,749,ENSG00000284726,AL109936.6,23297797,23302866,1,1,1
749,750,ENSG00000284735,AL139424.3,10381906,10387150,-1,1,3
750,751,ENSG00000284739,BX005132.2,4963954,4973298,-1,1,1
751,752,ENSG00000284743,AL139254.3,20478779,20480397,-1,1,1
752,753,ENSG00000284744,AL591163.1,6767954,6770038,1,1,1
753,754,ENSG00000284745,AL589702.1,2960658,2968707,-1,1,2
754,755,ENSG00000284808,AC099791.3,61481087,61533271,1,1,1
755,756,ENSG00000284846,AL355981.1,86821558,86834169,-1,1,1
756,757,ENSG00000284928,AL445205.1,64186791,64192685,1,1,1
757,758,ENSG00000285041,AL035412.1,68633701,68640425,1,1,1
758,759,ENSG00000285079,AL513493.1,65703962,65714847,1,1,1
759,760,ENSG00000285179,AC093154.1,81209834,81222076,1,1,1
760,761,ENSG00000285191,AC090679.2,84147304,84154338,-1,12,1
761,762,ENSG00000285201,AC104454.2,84038529,84065031,1,1,1
762,763,ENSG00000285254,AL513128.2,22475455,22478026,-1,10,1
763,764,ENSG00000285280,AL390957.1,192167786,192957713,-1,1,13
764,765,ENSG00000285300,AC073176.2,70927055,71077810,1,10,1
765,766,ENSG00000285325,AC104169.1,84785427,84786714,1,1,1
766,767,ENSG00000285361,AL844170.1,84477039,84479157,1,1,1
767,768,ENSG00000285374,AL359762.2,84607099,84610697,1,1,1
768,769,ENSG00000285407,AL033530.1,68679202,68943452,1,1,3
769,770,ENSG00000285409,AC099671.1,79967733,80051404,-1,1,1
770,771,ENSG00000285473,AL691520.1,68974010,69023558,1,1,1
771,772,ENSG00000285525,AC099670.3,100628230,100641723,1,1,1
772,773,ENSG00000285529,AC016816.1,130525712,130537406,1,10,1
773,774,ENSG00000285533,AP001362.2,65663086,65671716,1,11,1
774,775,ENSG00000285540,AC022023.1,114109856,114118700,-1,10,1
775,776,ENSG00000285554,AC242988.2,150173049,150181429,1,1,1
776,777,ENSG00000285561,AP001804.1,124406997,124414792,-1,11,1
777,778,ENSG00000285562,AC090099.5,18142341,18145142,1,11,1
778,779,ENSG00000285568,AP003398.2,81015849,81040236,1,11,1
779,780,ENSG00000285581,AC091196.1,1464582,1467632,-1,11,1
780,781,ENSG00000285615,AL359508.1,129372194,129380753,-1,10,1
781,782,ENSG00000285630,AL590068.3,30587706,30591092,1,10,1
782,783,ENSG00000285638,AL138927.1,190878145,191151410,-1,1,1
783,784,ENSG00000285640,AP001999.4,134685044,134702004,-1,11,1
784,785,ENSG00000285646,AL021155.2,11908147,11913232,1,1,2
785,786,ENSG00000285656,AP002793.1,62116470,62123767,-1,11,1
786,787,ENSG00000285671,AL139405.1,14372001,14377586,1,10,1
787,788,ENSG00000285693,AP002381.2,72793624,72814054,-1,11,1
788,789,ENSG00000285698,AL049825.1,115270767,115283763,-1,1,1
789,790,ENSG00000285705,AC090692.2,35824192,35838523,1,11,1
790,791,ENSG00000285712,AC068707.1,43325833,43350792,-1,10,1
791,792,ENSG00000285718,AL353072.2,194785517,194931310,-1,1,1
792,793,ENSG00000285740,AC090692.3,35894987,35897735,1,11,1
793,794,ENSG00000285743,AL158210.1,6682513,6823789,1,10,1
794,795,ENSG00000285750,AL157385.2,24816331,24822950,1,10,1
795,796,ENSG00000285751,AC021723.2,39024631,39161638,-1,11,1
796,797,ENSG00000285752,AL031281.2,22028317,22052927,-1,1,1
797,798,ENSG00000285769,AP003100.2,112637342,112751131,1,11,1
798,799,ENSG00000285778,AL591463.1,73787370,73915315,-1,1,1
799,800,ENSG00000285782,AC116099.1,83397568,83425353,-1,1,1
800,801,ENSG00000285802,AL450043.1,23576436,23593621,-1,1,1
801,802,ENSG00000285825,AP003501.3,124950331,124953555,-1,11,1
802,803,ENSG00000285842,AP000820.2,95571040,95748715,1,11,1
803,804,ENSG00000285845,AL392086.2,6779608,6877888,1,10,1
804,805,ENSG00000285847,AL713852.1,184635654,184664303,-1,1,1
805,806,ENSG00000285853,AL137802.3,16515034,16521788,1,1,1
806,807,ENSG00000285864,AP000593.4,72261731,72290688,1,11,1
807,808,ENSG00000285867,BX470102.2,153586813,153606283,-1,1,1
808,809,ENSG00000285871,AL359844.1,68896920,68900768,1,10,1
809,810,ENSG00000285894,AL136372.2,188013642,188144763,1,1,1
810,811,ENSG00000285895,AP003557.2,58491773,58493480,-1,11,1
811,812,ENSG00000285905,AL033527.6,39779969,39781418,1,1,1
812,813,ENSG00000285921,AP000779.1,96092374,96137827,1,11,1
813,814,ENSG00000285922,AC104453.1,98052077,98054592,-1,1,1
814,815,ENSG00000285928,AC103591.4,78022565,78024861,-1,1,1
815,816,ENSG00000285933,AP003498.2,71745331,71747051,1,11,1
816,817,ENSG00000285945,AC242022.2,2768091,2784733,1,1,1
817,818,ENSG00000285954,AC119428.3,53344031,53365473,1,1,1
818,819,ENSG00000285958,AC073174.1,52946431,52955585,-1,10,1
819,820,ENSG00000285981,AL591888.1,104998406,105032365,-1,1,1
820,821,ENSG00000285988,AL392086.3,6737418,6840712,1,10,1
821,822,ENSG00000286008,AC148477.10,132344477,132345352,1,12,1
822,823,ENSG00000286016,AC079949.4,127130005,127207706,1,12,1
823,824,ENSG00000286043,AC091214.1,82673070,82686632,-1,12,1
824,825,ENSG00000286049,AC090016.1,91423781,91426936,1,12,1
825,826,ENSG00000286109,AL357972.1,233724454,233730746,1,1,1
826,827,ENSG00000286142,AL122018.2,236123667,236130410,1,1,1
827,828,ENSG00000286198,AL606753.2,208266059,208270667,-1,1,1
828,829,ENSG00000286210,AL161640.2,234535963,234539054,-1,1,1
829,830,ENSG00000286213,AC092803.3,212504178,212534060,1,1,1
830,831,ENSG00000286216,AC104335.1,247337886,247348076,-1,1,1
831,832,ENSG00000286263,AL391832.4,234811052,234932653,-1,1,1
