,SNO,Gene ID,Transcript ID,Transcript Start,Transcript End,Transcript Length,No. of Exons
0,1,ENSG00000124915,ENST00000536405,61746493,61757649,2466,6
1,2,ENSG00000124915,ENST00000541891,61746925,61748693,463,3
2,3,ENSG00000124915,ENST00000244906,61754029,61757655,927,4
3,4,ENSG00000175773,ENST00000602376,130314993,130403017,1763,6
4,5,ENSG00000175773,ENST00000532116,130315028,130393793,669,6
5,6,ENSG00000175773,ENST00000602310,130315039,130315683,330,3
6,7,ENSG00000175773,ENST00000649867,130315059,130403657,824,6
7,8,ENSG00000175773,ENST00000616197,130401902,130403657,413,2
8,9,ENSG00000176320,ENST00000415019,158197922,158203877,1999,2
9,10,ENSG00000203334,ENST00000615020,108957718,108959797,2080,1
10,11,ENSG00000203334,ENST00000366160,108957718,108959796,2076,3
11,12,ENSG00000203434,ENST00000366253,108547975,108561815,575,3
12,13,ENSG00000203496,ENST00000428915,38453181,38466176,727,3
13,14,ENSG00000203565,ENST00000366376,33684755,33687064,452,2
14,15,ENSG00000203605,ENST00000455038,63139250,63163153,823,3
15,16,ENSG00000203620,ENST00000453837,31842019,31855568,2257,2
16,17,ENSG00000213062,ENST00000392097,169486076,169486986,911,1
17,18,ENSG00000214797,ENST00000399003,59268876,59284033,2805,2
18,19,ENSG00000223344,ENST00000432083,191858707,191866960,615,2
19,20,ENSG00000223344,ENST00000428569,191858763,191890229,583,2
20,21,ENSG00000223432,ENST00000434988,121615425,121615839,310,2
21,22,ENSG00000223462,ENST00000425541,44937508,44955725,425,2
22,23,ENSG00000223470,ENST00000434552,33909238,33917804,631,5
23,24,ENSG00000223643,ENST00000414340,16851257,16852799,554,3
24,25,ENSG00000223643,ENST00000422345,16851321,16853129,735,4
25,26,ENSG00000223649,ENST00000417794,211492255,211492917,491,2
26,27,ENSG00000223675,ENST00000413541,94585556,94592297,2171,2
27,28,ENSG00000223720,ENST00000431986,48172972,48206857,651,5
28,29,ENSG00000223761,ENST00000446794,87591607,87606024,168,2
29,30,ENSG00000223800,ENST00000453639,55468327,55469222,316,2
30,31,ENSG00000223808,ENST00000456526,8970125,8973468,677,2
31,32,ENSG00000223814,ENST00000438589,47761132,47765547,407,2
32,33,ENSG00000223834,ENST00000649682,31602862,31606214,1003,4
33,34,ENSG00000223834,ENST00000420945,31604600,31606218,421,2
34,35,ENSG00000223842,ENST00000420237,219222248,219225497,1126,2
35,36,ENSG00000223881,ENST00000429469,198597724,198598868,363,2
36,37,ENSG00000223906,ENST00000446055,100344477,100345242,467,2
37,38,ENSG00000223944,ENST00000413901,37262739,37325100,596,4
38,39,ENSG00000224000,ENST00000452366,172906900,172907684,658,2
39,40,ENSG00000224023,ENST00000527483,125700436,125719460,764,5
40,41,ENSG00000224023,ENST00000419400,125700437,125707549,446,4
41,42,ENSG00000224023,ENST00000423178,125705290,125719566,2600,5
42,43,ENSG00000224023,ENST00000528844,125707237,125719546,718,3
43,44,ENSG00000224023,ENST00000525909,125707302,125719524,487,2
44,45,ENSG00000224023,ENST00000531977,125709006,125719448,589,2
45,46,ENSG00000224174,ENST00000452795,16520694,16521796,327,2
46,47,ENSG00000224228,ENST00000432694,172775905,173064015,808,5
47,48,ENSG00000224260,ENST00000424696,209528455,209567673,863,7
48,49,ENSG00000224260,ENST00000453331,209528541,209547580,641,6
49,50,ENSG00000224326,ENST00000437080,80534978,80584363,349,2
50,51,ENSG00000224363,ENST00000441760,144641371,144919902,2502,4
51,52,ENSG00000224481,ENST00000648583,148295895,148344636,1234,4
52,53,ENSG00000224481,ENST00000452996,148328999,148344636,1331,3
53,54,ENSG00000224504,ENST00000435367,85432863,85448961,2672,3
54,55,ENSG00000224592,ENST00000432922,38047314,38105734,593,4
55,56,ENSG00000224592,ENST00000428151,38047425,38119025,573,5
56,57,ENSG00000224698,ENST00000419814,108420689,108433184,2481,2
57,58,ENSG00000224717,ENST00000442318,205455929,205469024,2885,3
58,59,ENSG00000224750,ENST00000422206,90454170,90501440,2368,3
59,60,ENSG00000224750,ENST00000453889,90454680,90461501,874,2
60,61,ENSG00000224750,ENST00000414903,90454698,90502968,462,4
61,62,ENSG00000224750,ENST00000422206,90454170,90501440,2368,3
62,63,ENSG00000224750,ENST00000453889,90454680,90461501,874,2
63,64,ENSG00000224750,ENST00000414903,90454698,90502968,462,4
64,65,ENSG00000224810,ENST00000411509,182062677,182069253,2463,3
65,66,ENSG00000224817,ENST00000458489,101704652,101708401,291,2
66,67,ENSG00000224950,ENST00000456414,116493016,116499212,2302,2
67,68,ENSG00000225006,ENST00000426262,188508538,188536465,746,4
68,69,ENSG00000225028,ENST00000445070,47818066,47820237,1807,2
69,70,ENSG00000225087,ENST00000445976,72748921,72899140,499,5
70,71,ENSG00000225152,ENST00000415509,123425713,123427640,416,2
71,72,ENSG00000225172,ENST00000422480,198983321,198985201,835,3
72,73,ENSG00000225172,ENST00000440162,198983624,198985400,917,3
73,74,ENSG00000225208,ENST00000442188,101311018,101311505,382,2
74,75,ENSG00000225233,ENST00000417161,213492301,213546447,440,2
75,76,ENSG00000225325,ENST00000448643,166387727,166452632,810,3
76,77,ENSG00000225359,ENST00000456771,181190471,181191149,532,2
77,78,ENSG00000225387,ENST00000420211,18385829,18388514,491,2
78,79,ENSG00000225424,ENST00000414581,129278251,129291722,475,2
79,80,ENSG00000225519,ENST00000412362,90994620,91006390,380,2
80,81,ENSG00000225545,ENST00000426090,170587249,170588236,130,2
81,82,ENSG00000225554,ENST00000444330,241424292,241433328,504,3
82,83,ENSG00000225554,ENST00000413994,241424398,241433492,473,2
83,84,ENSG00000225598,ENST00000458146,80373364,80374621,580,2
84,85,ENSG00000225605,ENST00000635455,75932479,76019356,969,8
85,86,ENSG00000225605,ENST00000436121,76003026,76019350,656,5
86,87,ENSG00000225620,ENST00000411431,202632428,202632911,365,2
87,88,ENSG00000225643,ENST00000412797,25581478,25590356,483,2
88,89,ENSG00000225656,ENST00000436739,230823641,230824707,311,2
89,90,ENSG00000225750,ENST00000413004,29144494,29146994,279,3
90,91,ENSG00000225836,ENST00000428166,89646289,89650822,368,2
91,92,ENSG00000225913,ENST00000438082,87607985,87659279,495,4
92,93,ENSG00000225982,ENST00000428646,182086551,182090112,1145,3
93,94,ENSG00000226172,ENST00000439394,119000344,119001392,653,2
94,95,ENSG00000226208,ENST00000423187,70715933,70720289,432,2
95,96,ENSG00000226296,ENST00000449272,53291072,53311065,597,2
96,97,ENSG00000226375,ENST00000436974,173174300,173175503,690,2
97,98,ENSG00000226426,ENST00000451946,64036345,64037280,622,2
98,99,ENSG00000226447,ENST00000412789,37976825,37992467,444,3
99,100,ENSG00000226487,ENST00000421114,20412304,20413253,376,3
100,101,ENSG00000226578,ENST00000432530,37775371,37784131,712,3
101,102,ENSG00000226601,ENST00000446145,223181144,223188154,487,3
102,103,ENSG00000226640,ENST00000448412,193678894,193727035,401,3
103,104,ENSG00000226694,ENST00000435539,2071845,2081097,432,2
104,105,ENSG00000226835,ENST00000413103,94247866,94334848,885,5
105,106,ENSG00000226835,ENST00000418242,94247866,94334848,814,4
106,107,ENSG00000226861,ENST00000413941,8298897,8301667,901,2
107,108,ENSG00000226868,ENST00000458662,211715928,211725402,174,2
108,109,ENSG00000226900,ENST00000455414,132511626,132518191,634,2
109,110,ENSG00000226927,ENST00000413159,220359731,220360183,245,2
110,111,ENSG00000226938,ENST00000429099,53348488,53349233,383,2
111,112,ENSG00000226990,ENST00000413286,8400860,8461863,430,4
112,113,ENSG00000227029,ENST00000446107,43912444,43914236,513,2
113,114,ENSG00000227066,ENST00000417884,20154338,20160568,1083,2
114,115,ENSG00000227066,ENST00000431027,20157692,20160566,2493,2
115,116,ENSG00000227101,ENST00000455525,4024940,4028394,633,2
116,117,ENSG00000227125,ENST00000447864,131204999,131215163,562,2
117,118,ENSG00000227139,ENST00000431525,147697794,147699335,446,2
118,119,ENSG00000227169,ENST00000438791,4551735,4552145,356,2
119,120,ENSG00000227193,ENST00000427872,121118126,121146826,494,4
120,121,ENSG00000227240,ENST00000454538,194149473,194198694,832,3
121,122,ENSG00000227307,ENST00000414774,120925547,120980700,943,2
122,123,ENSG00000227338,ENST00000436340,3266003,3267015,463,2
123,124,ENSG00000227373,ENST00000426899,174115300,174159153,688,3
124,125,ENSG00000227373,ENST00000419983,174115383,174160004,535,4
125,126,ENSG00000227373,ENST00000454467,174115601,174159133,361,3
126,127,ENSG00000227373,ENST00000430592,174121638,174159287,448,4
127,128,ENSG00000227374,ENST00000428273,129768844,129769435,495,2
128,129,ENSG00000227475,ENST00000412439,36089086,36089389,187,2
129,130,ENSG00000227485,ENST00000418091,63024207,63025658,359,2
130,131,ENSG00000227579,ENST00000438575,177393287,177576949,798,3
131,132,ENSG00000227579,ENST00000458070,177393679,177597709,546,4
132,133,ENSG00000227683,ENST00000422807,45164228,45181427,535,2
133,134,ENSG00000227712,ENST00000457719,119260265,119327303,898,3
134,135,ENSG00000227733,ENST00000599640,148159213,148200553,4266,6
135,136,ENSG00000227733,ENST00000628902,148163572,148176331,686,7
136,137,ENSG00000227733,ENST00000611286,148195959,148228657,1050,8
137,138,ENSG00000227733,ENST00000614606,148196098,148205749,513,4
138,139,ENSG00000227733,ENST00000482381,148196250,148205752,261,3
139,140,ENSG00000227733,ENST00000596091,148200000,148217078,741,7
140,141,ENSG00000227733,ENST00000599387,148206002,148217078,774,2
141,142,ENSG00000227733,ENST00000611452,148206596,148228070,531,6
142,143,ENSG00000227733,ENST00000629702,148207839,148247108,1572,4
143,144,ENSG00000227733,ENST00000596220,148207843,148217078,573,4
144,145,ENSG00000227733,ENST00000464343,148208088,148246463,1140,5
145,146,ENSG00000227733,ENST00000628063,148208088,148255012,845,3
146,147,ENSG00000227733,ENST00000634551,148208091,148246686,1112,5
147,148,ENSG00000227733,ENST00000496508,148208094,148218888,2513,2
148,149,ENSG00000227733,ENST00000611617,148208096,148246764,1093,5
149,150,ENSG00000227733,ENST00000622642,148208588,148228032,648,5
150,151,ENSG00000227733,ENST00000620213,148216947,148228658,795,6
151,152,ENSG00000227733,ENST00000616018,148216984,148228657,1023,6
152,153,ENSG00000227818,ENST00000430905,162039016,162039567,453,2
153,154,ENSG00000227851,ENST00000421597,111349939,111352103,427,2
154,155,ENSG00000227912,ENST00000421077,2166332,2169460,2321,2
155,156,ENSG00000227935,ENST00000422038,57386576,57387450,708,2
156,157,ENSG00000228037,ENST00000424215,2581560,2584533,626,3
157,158,ENSG00000228044,ENST00000417805,234646289,234660924,1373,4
158,159,ENSG00000228044,ENST00000449012,234656125,234681122,421,2
159,160,ENSG00000228044,ENST00000453568,234674096,234683176,631,3
160,161,ENSG00000228048,ENST00000427182,55506219,55513217,436,2
161,162,ENSG00000228106,ENST00000450784,222815022,222837384,543,3
162,163,ENSG00000228106,ENST00000426045,222815037,222837339,556,3
163,164,ENSG00000228106,ENST00000457955,222815047,222837229,385,5
164,165,ENSG00000228106,ENST00000444858,222815051,222837384,362,4
165,166,ENSG00000228106,ENST00000435378,222815059,222837382,768,5
166,167,ENSG00000228106,ENST00000441676,222815061,222837384,577,3
167,168,ENSG00000228106,ENST00000448808,222815075,222827311,130,2
168,169,ENSG00000228106,ENST00000457636,222815078,222837383,517,5
169,170,ENSG00000228106,ENST00000439440,222815111,222827582,216,2
170,171,ENSG00000228106,ENST00000420335,222815129,222837300,445,3
171,172,ENSG00000228106,ENST00000442171,222823884,222837384,548,3
172,173,ENSG00000228106,ENST00000434872,222830980,222837384,549,3
173,174,ENSG00000228140,ENST00000427824,15402979,15409433,5178,3
174,175,ENSG00000228153,ENST00000435021,204663872,204664613,445,2
175,176,ENSG00000228176,ENST00000422638,29708851,29709547,498,2
176,177,ENSG00000228229,ENST00000432559,13324039,13324518,384,2
177,178,ENSG00000228239,ENST00000449345,157232231,157237136,399,2
178,179,ENSG00000228255,ENST00000456240,213731416,213794587,347,2
179,180,ENSG00000228261,ENST00000434792,104323369,104327004,954,3
180,181,ENSG00000228423,ENST00000433876,8805860,8807051,353,2
181,182,ENSG00000228426,ENST00000418426,43665668,43667005,462,2
182,183,ENSG00000228484,ENST00000436932,114764788,114779903,2378,3
183,184,ENSG00000228484,ENST00000650219,114769039,114794344,706,4
184,185,ENSG00000228527,ENST00000440189,58304553,58305621,328,2
185,186,ENSG00000228549,ENST00000438002,16870945,16874079,2520,2
186,187,ENSG00000228549,ENST00000451828,16872258,16874041,434,2
187,188,ENSG00000228549,ENST00000453554,16872284,16874044,1546,2
188,189,ENSG00000228549,ENST00000457856,16873039,16874092,475,2
189,190,ENSG00000228549,ENST00000619677,16871761,16872591,828,2
190,191,ENSG00000228566,ENST00000444770,63664664,63990568,794,3
191,192,ENSG00000228634,ENST00000447478,31933020,31933975,517,2
192,193,ENSG00000228683,ENST00000455498,78696062,78697022,579,2
193,194,ENSG00000228697,ENST00000441851,168400829,168422656,1801,4
194,195,ENSG00000228697,ENST00000636459,168401474,168495685,1665,9
195,196,ENSG00000228697,ENST00000650143,168401484,168495643,1499,8
196,197,ENSG00000228697,ENST00000422253,168464214,168495644,519,5
197,198,ENSG00000228734,ENST00000449140,63249920,63251771,859,2
198,199,ENSG00000228778,ENST00000452494,99526948,99528467,731,2
199,200,ENSG00000228792,ENST00000452024,211635906,211642867,585,2
200,201,ENSG00000228800,ENST00000440932,30553854,30554483,541,2
201,202,ENSG00000228826,ENST00000437523,121494379,121510383,309,3
202,203,ENSG00000229116,ENST00000624407,44282926,44292734,503,2
203,204,ENSG00000229116,ENST00000452578,44292084,44293709,1089,2
204,205,ENSG00000229206,ENST00000428853,11030334,11030868,433,2
205,206,ENSG00000229225,ENST00000427547,63078081,63079031,157,2
206,207,ENSG00000229227,ENST00000437899,46597918,46612154,369,2
207,208,ENSG00000229227,ENST00000594037,46601909,46612009,872,3
208,209,ENSG00000229227,ENST00000593793,46602065,46612009,552,2
209,210,ENSG00000229227,ENST00000608305,46602097,46612005,723,4
210,211,ENSG00000229227,ENST00000608904,46602290,46609122,651,3
211,212,ENSG00000229227,ENST00000424615,46602355,46612154,407,2
212,213,ENSG00000229227,ENST00000609880,46605209,46611958,647,3
213,214,ENSG00000229227,ENST00000600081,46611121,46612009,889,1
214,215,ENSG00000229255,ENST00000450847,248484245,248485484,967,2
215,216,ENSG00000229543,ENST00000434440,78293842,78301003,520,2
216,217,ENSG00000229569,ENST00000427035,79000484,79003803,2018,2
217,218,ENSG00000229588,ENST00000425271,166334884,166335762,423,3
218,219,ENSG00000229607,ENST00000440358,30810378,30815553,444,2
219,220,ENSG00000229699,ENST00000427145,153174518,153191676,2254,3
220,221,ENSG00000229943,ENST00000438619,74963314,74965118,339,2
221,222,ENSG00000229960,ENST00000441338,244068820,244093026,468,5
222,223,ENSG00000229983,ENST00000444750,212168207,212190259,510,4
223,224,ENSG00000230015,ENST00000431139,240739419,240739853,435,1
224,225,ENSG00000230027,ENST00000434540,76041691,76066228,399,2
225,226,ENSG00000230096,ENST00000420082,4415305,4426179,691,4
226,227,ENSG00000230229,ENST00000416341,78352597,78356100,381,2
227,228,ENSG00000230285,ENST00000426794,85599131,85600734,255,2
228,229,ENSG00000230298,ENST00000426067,30576699,30580182,378,2
229,230,ENSG00000230381,ENST00000449303,116429049,116433368,515,2
230,231,ENSG00000230404,ENST00000429507,234565298,234570088,390,2
231,232,ENSG00000230526,ENST00000441348,71878356,71879107,525,2
232,233,ENSG00000230555,ENST00000442526,43420738,43422100,760,2
233,234,ENSG00000230615,ENST00000623351,44030443,44040273,482,2
234,235,ENSG00000230615,ENST00000624869,44030444,44040023,142,2
235,236,ENSG00000230615,ENST00000607988,44036126,44051116,454,4
236,237,ENSG00000230615,ENST00000609636,44043497,44051115,456,4
237,238,ENSG00000230615,ENST00000609472,44043922,44048384,276,3
238,239,ENSG00000230615,ENST00000610167,44043922,44051116,333,3
239,240,ENSG00000230615,ENST00000434244,44043928,44104975,2644,7
240,241,ENSG00000230615,ENST00000630871,44044580,44051046,352,3
241,242,ENSG00000230615,ENST00000626342,44044598,44046200,826,2
242,243,ENSG00000230615,ENST00000626430,44044763,44050962,596,3
243,244,ENSG00000230615,ENST00000628234,44045990,44061214,754,5
244,245,ENSG00000230615,ENST00000616338,44047947,44051116,707,2
245,246,ENSG00000230615,ENST00000431800,44048377,44076412,674,3
246,247,ENSG00000230615,ENST00000437643,44048392,44076278,614,4
247,248,ENSG00000230615,ENST00000453688,44051114,44076192,654,4
248,249,ENSG00000230615,ENST00000447959,44051115,44076470,760,2
249,250,ENSG00000230615,ENST00000609027,44051193,44076822,940,5
250,251,ENSG00000230615,ENST00000630008,44104489,44115301,830,3
251,252,ENSG00000230615,ENST00000627824,44104510,44114925,1796,3
252,253,ENSG00000230615,ENST00000625367,44104835,44107055,566,3
253,254,ENSG00000230615,ENST00000628123,44104909,44106614,395,3
254,255,ENSG00000230615,ENST00000627999,44104919,44114090,756,4
255,256,ENSG00000230615,ENST00000625982,44105499,44115913,921,3
256,257,ENSG00000230628,ENST00000442382,234669523,234696153,3564,2
257,258,ENSG00000230687,ENST00000412357,175203228,175204849,775,2
258,259,ENSG00000230699,ENST00000448179,911435,914948,3043,2
259,260,ENSG00000230704,ENST00000454271,169762929,169764648,677,2
260,261,ENSG00000230714,ENST00000420347,218031835,218033660,215,2
261,262,ENSG00000230759,ENST00000414923,103414879,103425465,418,2
262,263,ENSG00000230834,ENST00000449749,1776930,1778388,338,2
263,264,ENSG00000230864,ENST00000414418,102763322,102853842,931,7
264,265,ENSG00000230967,ENST00000450669,101322485,101323394,522,3
265,266,ENSG00000231039,ENST00000428920,5234358,5263408,680,2
266,267,ENSG00000231246,ENST00000427290,112177234,112360528,547,2
267,268,ENSG00000231252,ENST00000423403,60659631,60825584,2344,6
268,269,ENSG00000231252,ENST00000635290,60660227,60867998,2012,9
269,270,ENSG00000231252,ENST00000634701,60667107,60867976,2183,10
270,271,ENSG00000231413,ENST00000455238,48078787,48082196,292,2
271,272,ENSG00000231485,ENST00000448344,65066627,65067737,310,2
272,273,ENSG00000231487,ENST00000415865,1662584,1663343,588,2
273,274,ENSG00000231492,ENST00000569737,64420391,64421057,558,2
274,275,ENSG00000231492,ENST00000449694,64420535,64432670,341,4
275,276,ENSG00000231496,ENST00000420825,10960151,10970816,537,3
276,277,ENSG00000231601,ENST00000412695,743992,744958,424,2
277,278,ENSG00000231606,ENST00000449215,14221891,14223118,282,2
278,279,ENSG00000231630,ENST00000429389,2814432,2814998,429,2
279,280,ENSG00000231698,ENST00000416553,131253422,131300771,584,2
280,281,ENSG00000231698,ENST00000606885,131253446,131350917,755,2
281,282,ENSG00000231705,ENST00000428814,132419083,132420953,297,2
282,283,ENSG00000231714,ENST00000435554,194350943,194352426,440,2
283,284,ENSG00000231740,ENST00000424592,58838448,58851254,395,3
284,285,ENSG00000231791,ENST00000449525,184329071,184332826,333,2
285,286,ENSG00000231829,ENST00000422744,95141925,95168425,420,5
286,287,ENSG00000231877,ENST00000442726,238485445,238538305,2900,4
287,288,ENSG00000231949,ENST00000420354,30415825,30421108,481,3
288,289,ENSG00000231979,ENST00000430542,239915439,239916955,443,2
289,290,ENSG00000232188,ENST00000427339,160931739,160934380,575,2
290,291,ENSG00000232245,ENST00000447150,54416256,54420860,289,2
291,292,ENSG00000232259,ENST00000420845,127929376,127934517,748,2
292,293,ENSG00000232309,ENST00000412174,182127297,182128665,628,3
293,294,ENSG00000232309,ENST00000649049,182127297,182128682,1019,2
294,295,ENSG00000232347,ENST00000428687,247210691,247241823,706,4
295,296,ENSG00000232436,ENST00000440104,221508559,221510979,807,2
296,297,ENSG00000232470,ENST00000416249,110869743,110871594,401,2
297,298,ENSG00000232500,ENST00000444862,64500853,64505386,522,3
298,299,ENSG00000232537,ENST00000416349,209147267,209155101,473,3
299,300,ENSG00000232638,ENST00000418270,8051541,8053084,402,3
300,301,ENSG00000232721,ENST00000443018,143736066,143739506,2675,2
301,302,ENSG00000232895,ENST00000420156,114206427,114262278,332,2
302,303,ENSG00000232985,ENST00000453367,128958772,128960062,375,3
303,304,ENSG00000233234,ENST00000457440,2811850,2812692,607,2
304,305,ENSG00000233258,ENST00000432108,83911654,83912922,309,2
305,306,ENSG00000233290,ENST00000650063,82212413,82848205,4247,7
306,307,ENSG00000233290,ENST00000420549,82215220,82279613,835,3
307,308,ENSG00000233290,ENST00000649204,82474634,82555551,1339,3
308,309,ENSG00000233290,ENST00000649182,82477890,82555561,1955,5
309,310,ENSG00000233336,ENST00000437631,13146981,13147460,384,2
310,311,ENSG00000233359,ENST00000447916,102199739,102389630,657,6
311,312,ENSG00000233372,ENST00000441046,30140263,30141607,551,2
312,313,ENSG00000233387,ENST00000414308,33096257,33116672,552,2
313,314,ENSG00000233472,ENST00000425137,27999788,28049615,469,4
314,315,ENSG00000233536,ENST00000438416,94638038,94640833,712,6
315,316,ENSG00000233645,ENST00000424689,8218190,8220529,477,2
316,317,ENSG00000233755,ENST00000424084,25043707,25113119,490,3
317,318,ENSG00000233755,ENST00000429666,25110458,25113120,614,2
318,319,ENSG00000233775,ENST00000448134,32349194,32350663,687,2
319,320,ENSG00000234116,ENST00000427176,243005845,243007468,792,3
320,321,ENSG00000234182,ENST00000439575,3010531,3013111,608,3
321,322,ENSG00000234190,ENST00000426504,147777590,147788953,480,2
322,323,ENSG00000234225,ENST00000425109,147001931,147003618,735,3
323,324,ENSG00000234225,ENST00000455718,147002282,147003184,488,3
324,325,ENSG00000234244,ENST00000427232,18746433,18747853,548,2
325,326,ENSG00000234248,ENST00000457632,6891457,6920472,299,3
326,327,ENSG00000234296,ENST00000454991,26643228,26645016,472,2
327,328,ENSG00000234306,ENST00000455871,10365180,10366487,335,2
328,329,ENSG00000234318,ENST00000450811,62896009,62901639,447,2
329,330,ENSG00000234396,ENST00000442483,2212523,2220738,326,2
330,331,ENSG00000234464,ENST00000422844,238276037,238287016,197,2
331,332,ENSG00000234542,ENST00000451295,123574227,123583767,438,3
332,333,ENSG00000234571,ENST00000415338,143877731,143885076,3540,2
333,334,ENSG00000234580,ENST00000456722,44591208,44602104,732,2
334,335,ENSG00000234640,ENST00000454492,128316282,128320214,346,2
335,336,ENSG00000234754,ENST00000439004,221330080,221336296,4340,2
336,337,ENSG00000234754,ENST00000434398,221332639,221335920,645,3
337,338,ENSG00000234810,ENST00000643167,55329288,55832568,583,4
338,339,ENSG00000234810,ENST00000646341,55361408,55832568,603,4
339,340,ENSG00000234810,ENST00000422374,55581037,55735002,4063,3
340,341,ENSG00000234810,ENST00000634769,55581061,55832572,583,4
341,342,ENSG00000234810,ENST00000424357,55823807,55868248,645,5
342,343,ENSG00000234810,ENST00000646266,55823816,56070513,1405,12
343,344,ENSG00000234917,ENST00000414339,42678735,42681659,601,2
344,345,ENSG00000234918,ENST00000436077,37240887,37242049,335,3
345,346,ENSG00000235011,ENST00000415629,79323769,79324863,355,2
346,347,ENSG00000235021,ENST00000442712,246690047,246691821,522,2
347,348,ENSG00000235038,ENST00000419596,58060139,58080274,620,5
348,349,ENSG00000235052,ENST00000451217,23549139,23550915,456,2
349,350,ENSG00000235100,ENST00000449882,89667181,89699671,1298,3
350,351,ENSG00000235140,ENST00000647375,59578467,59596363,749,3
351,352,ENSG00000235140,ENST00000450677,59589150,59611248,537,4
352,353,ENSG00000235140,ENST00000644636,59594952,59650345,2342,7
353,354,ENSG00000235146,ENST00000423796,587629,594768,607,2
354,355,ENSG00000235146,ENST00000450696,587668,594574,402,2
355,356,ENSG00000235152,ENST00000428673,232160091,232185643,818,3
356,357,ENSG00000235198,ENST00000450247,117562084,117572457,475,3
357,358,ENSG00000235215,ENST00000451090,59055999,59078116,317,3
358,359,ENSG00000235263,ENST00000441033,9501092,9503471,708,2
359,360,ENSG00000235303,ENST00000413005,170598854,170647339,1923,3
360,361,ENSG00000235356,ENST00000648274,65271319,65315080,607,5
361,362,ENSG00000235356,ENST00000428346,65313785,65314970,307,3
362,363,ENSG00000235358,ENST00000425554,41242373,41264558,623,3
363,364,ENSG00000235358,ENST00000445073,41242575,41284861,709,2
364,365,ENSG00000235358,ENST00000422305,41260781,41264553,514,3
365,366,ENSG00000235612,ENST00000435828,56145721,56155224,731,3
366,367,ENSG00000235736,ENST00000457405,168763365,168774490,418,2
367,368,ENSG00000235858,ENST00000416657,80333771,80334426,339,2
368,369,ENSG00000236009,ENST00000444647,21415898,21417492,607,3
369,370,ENSG00000236009,ENST00000423921,21416322,21417374,605,3
370,371,ENSG00000236069,ENST00000642657,192517190,192538102,1264,3
371,372,ENSG00000236069,ENST00000457321,192529579,192538102,684,3
372,373,ENSG00000236098,ENST00000414039,94318479,94324569,592,2
373,374,ENSG00000236129,ENST00000441665,131187022,131189753,635,2
374,375,ENSG00000236140,ENST00000427732,145286610,145287755,381,2
375,376,ENSG00000236206,ENST00000452618,165598463,165623331,492,4
376,377,ENSG00000236230,ENST00000652067,222088806,222389103,1465,7
377,378,ENSG00000236230,ENST00000416510,222089169,222387434,675,4
378,379,ENSG00000236335,ENST00000427319,30409560,30411638,507,3
379,380,ENSG00000236372,ENST00000441459,232174932,232180113,2241,2
380,381,ENSG00000236427,ENST00000429352,152205858,152207057,397,2
381,382,ENSG00000236601,ENST00000450983,358857,365704,607,2
382,383,ENSG00000236601,ENST00000412666,358872,365510,426,2
383,384,ENSG00000236601,ENST00000635159,360057,366052,994,2
384,385,ENSG00000236716,ENST00000456082,28743745,28744663,517,2
385,386,ENSG00000236800,ENST00000440750,48664199,48672424,335,2
386,387,ENSG00000236846,ENST00000435108,223144049,223144954,613,2
387,388,ENSG00000236889,ENST00000428399,206175060,206177246,271,2
388,389,ENSG00000236892,ENST00000426811,3532094,3537031,430,2
389,390,ENSG00000236892,ENST00000413757,3535112,3536857,372,2
390,391,ENSG00000236897,ENST00000428160,5106062,5107530,869,2
391,392,ENSG00000236947,ENST00000441085,156446412,156456466,523,4
392,393,ENSG00000236947,ENST00000452465,156452897,156456577,675,3
393,394,ENSG00000236948,ENST00000637702,5561709,5668255,847,3
394,395,ENSG00000236948,ENST00000413887,5587368,5668295,363,2
395,396,ENSG00000236968,ENST00000445932,3223816,3227407,597,3
396,397,ENSG00000236990,ENST00000455199,4051726,4089013,2287,4
397,398,ENSG00000237002,ENST00000426283,36438616,36439797,398,2
398,399,ENSG00000237002,ENST00000418875,36438616,36442392,321,3
399,400,ENSG00000237011,ENST00000447056,193684246,193688429,850,3
400,401,ENSG00000237074,ENST00000634239,207240122,207309292,1140,4
401,402,ENSG00000237074,ENST00000417084,207249067,207309121,917,4
402,403,ENSG00000237076,ENST00000439186,83790280,83801465,683,3
403,404,ENSG00000237283,ENST00000432976,188705623,188710880,733,2
404,405,ENSG00000237343,ENST00000455105,144418113,144419192,314,2
405,406,ENSG00000237389,ENST00000431956,43630882,43631564,411,2
406,407,ENSG00000237390,ENST00000451362,156388226,156395609,5586,2
407,408,ENSG00000237445,ENST00000441809,13657311,13659910,379,2
408,409,ENSG00000237480,ENST00000635570,105956694,106048753,1542,8
409,410,ENSG00000237480,ENST00000634380,105956715,106084304,2281,8
410,411,ENSG00000237480,ENST00000635102,105956716,105966202,1025,5
411,412,ENSG00000237480,ENST00000634776,105956716,105967623,2130,3
412,413,ENSG00000237480,ENST00000635395,105956716,106042738,1646,6
413,414,ENSG00000237480,ENST00000635233,105956740,106063067,1903,8
414,415,ENSG00000237480,ENST00000634740,106038367,106064920,974,5
415,416,ENSG00000237480,ENST00000634868,106038547,106124564,1251,6
416,417,ENSG00000237480,ENST00000437803,106073247,106084499,357,3
417,418,ENSG00000237480,ENST00000429608,106081161,106084496,331,2
418,419,ENSG00000237480,ENST00000635570,105956694,106048753,1542,8
419,420,ENSG00000237480,ENST00000634380,105956715,106084304,2281,8
420,421,ENSG00000237480,ENST00000635102,105956716,105966202,1025,5
421,422,ENSG00000237480,ENST00000634776,105956716,105967623,2130,3
422,423,ENSG00000237480,ENST00000635395,105956716,106042738,1646,6
423,424,ENSG00000237480,ENST00000635233,105956740,106063067,1903,8
424,425,ENSG00000237480,ENST00000634740,106038367,106064920,974,5
425,426,ENSG00000237480,ENST00000634868,106038547,106124564,1251,6
426,427,ENSG00000237480,ENST00000437803,106073247,106084499,357,3
427,428,ENSG00000237480,ENST00000429608,106081161,106084496,331,2
428,429,ENSG00000237491,ENST00000434264,778770,784690,844,3
429,430,ENSG00000237491,ENST00000457084,778782,782191,566,2
430,431,ENSG00000237491,ENST00000651411,778849,805272,1146,4
431,432,ENSG00000237491,ENST00000589899,778930,784655,809,4
432,433,ENSG00000237491,ENST00000609830,778937,784429,669,4
433,434,ENSG00000237491,ENST00000429505,779056,804875,441,3
434,435,ENSG00000237491,ENST00000585826,784370,784759,390,1
435,436,ENSG00000237491,ENST00000592547,784370,784977,608,1
436,437,ENSG00000237491,ENST00000586928,784370,786866,598,2
437,438,ENSG00000237491,ENST00000585745,784370,795513,168,2
438,439,ENSG00000237491,ENST00000585768,784370,801876,394,2
439,440,ENSG00000237491,ENST00000590848,784370,804832,726,5
440,441,ENSG00000237491,ENST00000591440,784370,805127,780,3
441,442,ENSG00000237491,ENST00000587530,784370,805270,1024,4
442,443,ENSG00000237491,ENST00000593022,784370,806459,693,4
443,444,ENSG00000237491,ENST00000589531,784370,807314,714,4
444,445,ENSG00000237491,ENST00000588951,784370,809729,607,4
445,446,ENSG00000237491,ENST00000586288,784396,807321,1040,7
446,447,ENSG00000237491,ENST00000591702,785800,787672,1873,1
447,448,ENSG00000237491,ENST00000443772,804799,807465,417,2
448,449,ENSG00000237491,ENST00000412115,804932,810060,581,3
449,450,ENSG00000237500,ENST00000431209,2499721,2500570,332,2
450,451,ENSG00000237520,ENST00000423963,234957231,234959989,423,2
451,452,ENSG00000237588,ENST00000441272,156687695,156691997,4122,2
452,453,ENSG00000237590,ENST00000437014,44259602,44261813,841,2
453,454,ENSG00000237612,ENST00000441638,131234538,131251816,569,2
454,455,ENSG00000237756,ENST00000416401,163259850,163260659,469,2
455,456,ENSG00000237759,ENST00000440148,244107365,244109011,567,2
456,457,ENSG00000237797,ENST00000433770,31693084,31707388,347,2
457,458,ENSG00000237845,ENST00000438371,235942553,235943805,740,2
458,459,ENSG00000237899,ENST00000440100,40669089,40687588,471,5
459,460,ENSG00000237954,ENST00000426881,95356229,95381000,803,3
460,461,ENSG00000237954,ENST00000427695,95356235,95380972,845,4
461,462,ENSG00000238005,ENST00000418557,234957342,234963999,889,4
462,463,ENSG00000238005,ENST00000652109,234959658,234969053,758,6
463,464,ENSG00000238005,ENST00000423988,234959661,234963827,317,2
464,465,ENSG00000238005,ENST00000423175,234959663,234963188,554,3
465,466,ENSG00000238005,ENST00000451766,234959666,234970062,427,3
466,467,ENSG00000238005,ENST00000458044,234961376,234963126,359,2
467,468,ENSG00000238009,ENST00000466430,89295,120932,2748,4
468,469,ENSG00000238009,ENST00000477740,92230,129217,491,4
469,470,ENSG00000238009,ENST00000471248,110953,129173,629,3
470,471,ENSG00000238009,ENST00000453576,129081,133566,336,2
471,472,ENSG00000238009,ENST00000610542,120725,133723,723,4
472,473,ENSG00000238054,ENST00000414765,188869477,188887434,466,2
473,474,ENSG00000238054,ENST00000650519,188869482,188888540,784,3
474,475,ENSG00000238122,ENST00000438965,108261196,108273689,2481,2
475,476,ENSG00000238142,ENST00000422124,16888538,16889373,406,2
476,477,ENSG00000238142,ENST00000416869,16888542,16889642,336,2
477,478,ENSG00000238142,ENST00000457075,16888542,16889649,346,2
478,479,ENSG00000238176,ENST00000457804,36940109,36943932,293,2
479,480,ENSG00000238198,ENST00000421157,113011687,113073105,2459,3
480,481,ENSG00000238232,ENST00000458443,219557192,219557701,182,2
481,482,ENSG00000238270,ENST00000450681,189868001,189868528,414,2
482,483,ENSG00000238290,ENST00000445300,8026738,8122702,2044,3
483,484,ENSG00000238291,ENST00000425365,90462717,90467952,831,3
484,485,ENSG00000239216,ENST00000449439,119000618,119001405,410,2
485,486,ENSG00000239945,ENST00000495576,89551,91105,1319,2
486,487,ENSG00000240219,ENST00000444037,204626775,204629712,2219,2
487,488,ENSG00000240996,ENST00000455699,89694295,89697928,667,2
488,489,ENSG00000241042,ENST00000422198,59054397,59056049,171,2
489,490,ENSG00000241169,ENST00000492975,27457198,27459582,428,2
490,491,ENSG00000241180,ENST00000398216,914171,914971,443,2
491,492,ENSG00000241317,ENST00000456546,79504073,79506281,333,2
492,493,ENSG00000241475,ENST00000441360,234660271,234667104,933,3
493,494,ENSG00000241505,ENST00000417409,190480379,190494297,506,2
494,495,ENSG00000241599,ENST00000496488,160446,161525,457,2
495,496,ENSG00000243062,ENST00000423879,179730217,179742697,544,2
496,497,ENSG00000243062,ENST00000451471,179742009,179742697,428,2
497,498,ENSG00000243636,ENST00000442684,207179296,207184062,945,4
498,499,ENSG00000244953,ENST00000501541,43943787,43947206,2045,2
499,500,ENSG00000245156,ENST00000501708,66269832,66278525,2792,2
500,501,ENSG00000246523,ENST00000499504,86955619,87000959,1223,3
501,502,ENSG00000246523,ENST00000531827,86956091,87000490,830,3
502,503,ENSG00000246820,ENST00000499752,8169167,8178903,3734,3
503,504,ENSG00000247373,ENST00000498967,123575891,123585115,8279,3
504,505,ENSG00000249094,ENST00000446473,109880676,109888467,728,2
505,506,ENSG00000250041,ENST00000503469,10884885,10899322,431,2
506,507,ENSG00000250041,ENST00000533941,10896503,10899172,557,2
507,508,ENSG00000250105,ENST00000504911,66558866,66560384,580,2
508,509,ENSG00000250230,ENST00000506329,61588494,61607550,2349,4
509,510,ENSG00000250390,ENST00000511947,95482406,95497553,570,3
510,511,ENSG00000250519,ENST00000506309,94238150,94279029,546,3
511,512,ENSG00000250519,ENST00000515097,94238150,94279206,570,2
512,513,ENSG00000250790,ENST00000503695,132911470,132914732,3263,1
513,514,ENSG00000250899,ENST00000513358,3041437,3044950,3514,1
514,515,ENSG00000251138,ENST00000549905,74133166,74292631,748,7
515,516,ENSG00000251138,ENST00000515416,74199572,74292622,966,4
516,517,ENSG00000251138,ENST00000551726,74285036,74402535,554,6
517,518,ENSG00000251138,ENST00000551210,74285698,74292534,469,2
518,519,ENSG00000251138,ENST00000548427,74292107,74292944,838,1
519,520,ENSG00000254271,ENST00000517854,60734342,60741828,434,2
520,521,ENSG00000254434,ENST00000532605,80321620,80327911,585,2
521,522,ENSG00000254443,ENST00000532430,6362799,6365262,1288,2
522,523,ENSG00000254443,ENST00000531479,6362812,6365267,2456,1
523,524,ENSG00000254467,ENST00000532961,123668499,123671637,666,2
524,525,ENSG00000254468,ENST00000529266,121279,125784,355,2
525,526,ENSG00000254468,ENST00000622626,112967,125927,723,4
526,527,ENSG00000254511,ENST00000526154,81970994,81987813,342,2
527,528,ENSG00000254514,ENST00000525926,45582525,45583474,564,2
528,529,ENSG00000254526,ENST00000530960,29159956,29266734,492,5
529,530,ENSG00000254532,ENST00000527819,30044058,30084343,429,2
530,531,ENSG00000254539,ENST00000466343,149048576,149051273,869,2
531,532,ENSG00000254566,ENST00000529910,36321158,36323440,535,2
532,533,ENSG00000254573,ENST00000532652,134563396,134573056,514,3
533,534,ENSG00000254586,ENST00000524885,17695022,17697471,602,3
534,535,ENSG00000254586,ENST00000524479,17695053,17697297,643,2
535,536,ENSG00000254587,ENST00000527528,96590317,96713822,1647,4
536,537,ENSG00000254599,ENST00000532109,98676391,98683735,435,3
537,538,ENSG00000254605,ENST00000528507,70014858,70021059,655,3
538,539,ENSG00000254605,ENST00000533170,70014867,70016450,369,2
539,540,ENSG00000254606,ENST00000524707,28516832,28519341,747,2
540,541,ENSG00000254619,ENST00000527270,33810145,33811178,321,2
541,542,ENSG00000254626,ENST00000524772,112787304,112795854,832,2
542,543,ENSG00000254639,ENST00000530049,46238382,46239267,653,2
543,544,ENSG00000254645,ENST00000524613,15701963,15758898,993,9
544,545,ENSG00000254648,ENST00000526377,134035832,134037107,1130,2
545,546,ENSG00000254651,ENST00000534604,45399448,45400528,561,2
546,547,ENSG00000254653,ENST00000528480,46116578,46117318,605,2
547,548,ENSG00000254669,ENST00000527684,35579430,35585310,537,4
548,549,ENSG00000254686,ENST00000525573,35656694,35661339,471,3
549,550,ENSG00000254695,ENST00000532242,15643885,15705368,471,3
550,551,ENSG00000254731,ENST00000526206,86703099,86714092,432,2
551,552,ENSG00000254734,ENST00000530249,29713909,29881714,576,3
552,553,ENSG00000254754,ENST00000531157,25924188,25926808,348,2
553,554,ENSG00000254757,ENST00000534291,3469319,3531328,450,3
554,555,ENSG00000254789,ENST00000636967,15571819,15622403,851,3
555,556,ENSG00000254789,ENST00000533082,15572023,15622391,465,2
556,557,ENSG00000254790,ENST00000524467,125940496,125941193,698,1
557,558,ENSG00000254804,ENST00000528000,55684141,55686160,345,2
558,559,ENSG00000254810,ENST00000531511,76654169,76656712,651,2
559,560,ENSG00000254819,ENST00000524858,26285711,26288007,716,3
560,561,ENSG00000254820,ENST00000530837,22113448,22117001,477,2
561,562,ENSG00000254822,ENST00000526455,41876634,41877078,270,2
562,563,ENSG00000254830,ENST00000527345,98938912,98945079,380,2
563,564,ENSG00000254833,ENST00000532357,126160714,126176035,569,2
564,565,ENSG00000254847,ENST00000526112,12538083,12540967,519,2
565,566,ENSG00000254861,ENST00000525512,23761330,23804598,506,3
566,567,ENSG00000254872,ENST00000534584,1049880,1055749,1094,4
567,568,ENSG00000254872,ENST00000617529,1052611,1055749,3139,1
568,569,ENSG00000254874,ENST00000532770,92965797,92966603,266,2
569,570,ENSG00000254885,ENST00000527440,79191558,79193160,374,2
570,571,ENSG00000254927,ENST00000530492,13826843,13879499,516,2
571,572,ENSG00000254938,ENST00000530572,126920188,126940659,566,2
572,573,ENSG00000254971,ENST00000527332,89753982,89754953,486,2
573,574,ENSG00000254972,ENST00000532530,71701268,71705404,347,3
574,575,ENSG00000254975,ENST00000533588,76675079,76703195,452,3
575,576,ENSG00000254987,ENST00000533459,103675994,103895271,562,5
576,577,ENSG00000254989,ENST00000529417,134671426,134672024,389,2
577,578,ENSG00000254990,ENST00000529841,111768668,111778306,783,4
578,579,ENSG00000254990,ENST00000534218,111768857,111778350,602,4
579,580,ENSG00000254991,ENST00000476130,12066929,12073014,899,2
580,581,ENSG00000255015,ENST00000527100,122294938,122301763,507,2
581,582,ENSG00000255029,ENST00000530389,29519076,29552639,563,2
582,583,ENSG00000255032,ENST00000530039,44719392,44736692,628,3
583,584,ENSG00000255041,ENST00000528445,45387215,45513802,606,3
584,585,ENSG00000255087,ENST00000530177,127021754,127099585,1731,8
585,586,ENSG00000255087,ENST00000647195,127021765,127116181,1994,10
586,587,ENSG00000255087,ENST00000527317,127067002,127101320,2337,3
587,588,ENSG00000255087,ENST00000642327,127109454,127139719,1099,5
588,589,ENSG00000255087,ENST00000609688,127119326,127139735,561,3
589,590,ENSG00000255087,ENST00000646532,127127784,127172363,916,4
590,591,ENSG00000255094,ENST00000525309,27978669,28019575,806,4
591,592,ENSG00000255102,ENST00000531454,88061774,88098147,488,2
592,593,ENSG00000255121,ENST00000582695,118994824,118996604,553,2
593,594,ENSG00000255121,ENST00000526453,118996195,118998004,1359,2
594,595,ENSG00000255132,ENST00000524493,41394595,41426504,578,3
595,596,ENSG00000255135,ENST00000530759,76441338,76444574,599,2
596,597,ENSG00000255135,ENST00000572035,76441354,76444656,738,2
597,598,ENSG00000255136,ENST00000530792,75208054,75241173,495,4
598,599,ENSG00000255136,ENST00000603012,75210839,75241047,375,4
599,600,ENSG00000255136,ENST00000529491,75210849,75215485,538,2
600,601,ENSG00000255142,ENST00000533938,781645,782105,284,2
601,602,ENSG00000255160,ENST00000528326,19299883,19308358,648,4
602,603,ENSG00000255160,ENST00000529082,19300002,19308358,422,3
603,604,ENSG00000255179,ENST00000534653,7222933,7230863,529,2
604,605,ENSG00000255191,ENST00000534086,69985876,70015815,432,2
605,606,ENSG00000255209,ENST00000526851,79604967,79612300,834,2
606,607,ENSG00000255216,ENST00000534423,120008604,120012158,562,2
607,608,ENSG00000255227,ENST00000527727,29445487,29457393,563,6
608,609,ENSG00000255233,ENST00000531846,93240133,93241168,400,2
609,610,ENSG00000255243,ENST00000531798,26189123,26208347,510,2
610,611,ENSG00000255246,ENST00000527364,82603743,82643419,740,4
611,612,ENSG00000255247,ENST00000529229,119709920,119713925,559,3
612,613,ENSG00000255250,ENST00000532979,86727355,86765265,503,5
613,614,ENSG00000255260,ENST00000524855,11243188,11243715,426,2
614,615,ENSG00000255271,ENST00000527984,34533014,34557924,389,3
615,616,ENSG00000255279,ENST00000532199,41855920,41861830,495,3
616,617,ENSG00000255279,ENST00000526179,41856346,41875997,431,2
617,618,ENSG00000255279,ENST00000530946,41859843,41862330,533,3
618,619,ENSG00000255284,ENST00000526588,777578,778285,291,2
619,620,ENSG00000255284,ENST00000530083,777582,784180,765,2
620,621,ENSG00000255284,ENST00000525941,777608,784297,610,4
621,622,ENSG00000255299,ENST00000531715,58497888,58503036,585,3
622,623,ENSG00000255299,ENST00000528978,58497915,58505595,562,4
623,624,ENSG00000255299,ENST00000527054,58497984,58505758,529,3
624,625,ENSG00000255314,ENST00000649677,46123031,46177104,1143,4
625,626,ENSG00000255314,ENST00000635144,46123573,46177106,1206,4
626,627,ENSG00000255314,ENST00000533793,46171947,46177105,941,3
627,628,ENSG00000255328,ENST00000534483,327171,329453,827,2
628,629,ENSG00000255328,ENST00000524824,327310,330122,587,3
629,630,ENSG00000255328,ENST00000531076,327400,327957,457,2
630,631,ENSG00000255345,ENST00000525952,79092848,79093835,406,4
631,632,ENSG00000255345,ENST00000534593,79093286,79098003,720,2
632,633,ENSG00000255345,ENST00000526091,79093299,79097854,1897,2
633,634,ENSG00000255357,ENST00000531858,22492112,22502846,281,2
634,635,ENSG00000255384,ENST00000532619,118433121,118435206,2086,1
635,636,ENSG00000255400,ENST00000527997,12086891,12089441,550,2
636,637,ENSG00000255426,ENST00000532068,45733994,45735766,860,2
637,638,ENSG00000255429,ENST00000528319,89546637,89589611,231,2
638,639,ENSG00000255447,ENST00000534128,45813219,45825258,469,3
639,640,ENSG00000255451,ENST00000528183,44468464,44470429,520,3
640,641,ENSG00000255455,ENST00000525716,130866254,130870247,3994,1
641,642,ENSG00000255470,ENST00000527671,18140186,18189495,1027,2
642,643,ENSG00000255475,ENST00000525429,125132847,125139587,593,2
643,644,ENSG00000255477,ENST00000526554,38498995,38500186,510,2
644,645,ENSG00000255479,ENST00000528781,76625462,76626834,831,2
645,646,ENSG00000255503,ENST00000533329,83072402,83097196,436,3
646,647,ENSG00000255516,ENST00000532849,88050106,88062110,572,3
647,648,ENSG00000255528,ENST00000526041,109002465,109037967,333,2
648,649,ENSG00000255557,ENST00000534505,65745729,65771585,464,2
649,650,ENSG00000255558,ENST00000531136,13054615,13134839,467,2
650,651,ENSG00000255580,ENST00000535704,115363629,115377931,818,2
651,652,ENSG00000255599,ENST00000424313,115628065,115629743,479,3
652,653,ENSG00000255605,ENST00000545912,95698086,95700623,506,3
653,654,ENSG00000255606,ENST00000544004,69438365,69444743,581,2
654,655,ENSG00000255689,ENST00000306533,115582297,115600339,376,3
655,656,ENSG00000255801,ENST00000542819,8548361,8567613,562,3
656,657,ENSG00000255858,ENST00000539552,26315715,26317813,475,2
657,658,ENSG00000255931,ENST00000534856,61496440,61500076,554,2
658,659,ENSG00000255944,ENST00000541769,126628172,126690322,419,3
659,660,ENSG00000255947,ENST00000542121,61654665,61655702,462,2
660,661,ENSG00000255980,ENST00000545202,69425690,69429621,2376,2
661,662,ENSG00000256001,ENST00000541419,127145072,127146532,505,3
662,663,ENSG00000256001,ENST00000535022,127145641,127145989,242,2
663,664,ENSG00000256092,ENST00000602918,123363868,123365787,1920,1
664,665,ENSG00000256092,ENST00000543072,123364953,123366113,752,2
665,666,ENSG00000256101,ENST00000535746,8321876,8329614,603,3
666,667,ENSG00000256101,ENST00000539795,8321953,8329614,602,3
667,668,ENSG00000256152,ENST00000537827,122865335,122867021,484,2
668,669,ENSG00000256249,ENST00000543611,122687125,122715979,1731,3
669,670,ENSG00000256249,ENST00000545293,122714291,122715708,751,2
670,671,ENSG00000256256,ENST00000544399,25882955,25885855,486,2
671,672,ENSG00000256281,ENST00000544663,115532322,115532953,294,2
672,673,ENSG00000256286,ENST00000543451,126874821,126876232,286,2
673,674,ENSG00000256433,ENST00000541888,6393905,6396148,1803,3
674,675,ENSG00000256440,ENST00000545704,25831416,25834182,373,2
675,676,ENSG00000256443,ENST00000540906,61539516,61542259,1831,2
676,677,ENSG00000256568,ENST00000541254,73176694,73181696,618,2
677,678,ENSG00000256686,ENST00000536949,25782706,25814171,772,3
678,679,ENSG00000256732,ENST00000545853,126610034,126690260,456,2
679,680,ENSG00000256732,ENST00000540814,126652950,126690306,410,2
680,681,ENSG00000256732,ENST00000541065,126652966,126690318,526,3
681,682,ENSG00000256732,ENST00000537478,126663679,126690268,654,2
682,683,ENSG00000256733,ENST00000536495,61055737,61067535,452,4
683,684,ENSG00000256955,ENST00000542763,131857420,131864538,770,3
684,685,ENSG00000256969,ENST00000543206,4020977,4026658,542,2
685,686,ENSG00000256969,ENST00000536141,4025985,4026613,438,2
686,687,ENSG00000256972,ENST00000545593,115333577,115340262,330,2
687,688,ENSG00000257086,ENST00000545800,64246939,64249494,853,4
688,689,ENSG00000257124,ENST00000547795,83661009,83661719,569,2
689,690,ENSG00000257183,ENST00000552046,74248637,74283669,529,4
690,691,ENSG00000257194,ENST00000548722,90107739,90112779,926,2
691,692,ENSG00000257262,ENST00000549055,30200983,30217916,571,3
692,693,ENSG00000257265,ENST00000552098,71007773,71032083,541,4
693,694,ENSG00000257373,ENST00000551279,42979254,42996486,552,3
694,695,ENSG00000257410,ENST00000552780,71793855,71799627,1431,2
695,696,ENSG00000257431,ENST00000548575,82512677,82515817,3141,1
696,697,ENSG00000257454,ENST00000548497,71034122,71104526,544,5
697,698,ENSG00000257515,ENST00000549710,71709171,71710374,577,2
698,699,ENSG00000257543,ENST00000547360,101408372,101409060,379,2
699,700,ENSG00000257587,ENST00000546770,73906940,73919337,342,3
700,701,ENSG00000257634,ENST00000552524,54682973,54687434,700,3
701,702,ENSG00000257682,ENST00000548029,73203815,73206835,729,2
702,703,ENSG00000257729,ENST00000642846,84154434,84294556,733,8
703,704,ENSG00000257729,ENST00000547882,84271340,84294562,534,3
704,705,ENSG00000257729,ENST00000548619,84284391,84294556,351,2
705,706,ENSG00000257787,ENST00000549669,90809276,90810680,901,2
706,707,ENSG00000257808,ENST00000550908,53159586,53161000,481,3
707,708,ENSG00000257835,ENST00000552736,77379820,77390864,597,3
708,709,ENSG00000257837,ENST00000551856,82505211,82506188,277,2
709,710,ENSG00000257849,ENST00000553006,42966122,42967353,256,2
710,711,ENSG00000257863,ENST00000551075,91901458,91906187,1011,3
711,712,ENSG00000257940,ENST00000548691,87816486,87817831,554,3
712,713,ENSG00000257995,ENST00000552470,90617759,90622822,310,2
713,714,ENSG00000258053,ENST00000549357,71047402,71118247,565,3
714,715,ENSG00000258082,ENST00000549744,234979647,234980804,846,2
715,716,ENSG00000258114,ENST00000549104,117425194,117490419,526,3
716,717,ENSG00000258125,ENST00000550035,91680131,91680873,247,2
717,718,ENSG00000258170,ENST00000552532,82481118,82497560,459,3
718,719,ENSG00000258178,ENST00000547033,85958686,85960946,1258,2
719,720,ENSG00000258216,ENST00000651272,89712048,90100763,675,7
720,721,ENSG00000258216,ENST00000547370,89882665,89937143,547,4
721,722,ENSG00000258216,ENST00000549551,89919692,89989289,238,3
722,723,ENSG00000258235,ENST00000547563,72727923,72728844,381,2
723,724,ENSG00000258308,ENST00000550307,101954998,101962390,1034,2
724,725,ENSG00000258308,ENST00000547004,101957213,101962390,423,3
725,726,ENSG00000258338,ENST00000550279,83171590,83172740,742,2
726,727,ENSG00000259776,ENST00000561926,239247808,239250818,3011,1
727,728,ENSG00000259834,ENST00000566942,110653560,110657040,3481,1
728,729,ENSG00000259854,ENST00000562341,69414307,69416832,2424,2
729,730,ENSG00000259865,ENST00000566446,247187281,247188526,1246,1
730,731,ENSG00000259869,ENST00000568976,42751178,42754297,3120,1
731,732,ENSG00000259946,ENST00000561881,97967005,97968814,1810,1
732,733,ENSG00000260008,ENST00000566440,102107886,102109842,1957,1
733,734,ENSG00000260088,ENST00000568695,200669507,200694250,736,3
734,735,ENSG00000260137,ENST00000564417,37791580,37791937,358,1
735,736,ENSG00000260179,ENST00000565563,1249777,1251334,1558,1
736,737,ENSG00000260205,ENST00000564681,22218074,22221168,3095,1
737,738,ENSG00000260209,ENST00000564354,125873031,125874398,808,2
738,739,ENSG00000260209,ENST00000569238,125873449,125874528,1080,1
739,740,ENSG00000260254,ENST00000564619,115638563,115646962,8400,1
740,741,ENSG00000260322,ENST00000567886,80114943,80116918,1976,1
741,742,ENSG00000260348,ENST00000563932,69909184,69910994,385,2
742,743,ENSG00000260360,ENST00000567904,179953184,179954440,1257,1
743,744,ENSG00000260370,ENST00000562162,14061,14604,347,2
744,745,ENSG00000260370,ENST00000566940,14138,16544,205,2
745,746,ENSG00000260460,ENST00000564032,156509854,156511681,1828,1
746,747,ENSG00000260475,ENST00000566847,99621055,99621918,864,1
747,748,ENSG00000260505,ENST00000563417,220401122,220404033,2912,1
748,749,ENSG00000260679,ENST00000562094,69921638,69926813,299,2
749,750,ENSG00000260698,ENST00000570141,246682108,246685075,2968,1
750,751,ENSG00000260805,ENST00000564287,212557833,212559731,1899,1
751,752,ENSG00000260808,ENST00000565199,68612899,68616230,503,3
752,753,ENSG00000260808,ENST00000565473,68615745,68616447,534,2
753,754,ENSG00000260808,ENST00000564469,68615792,68616711,563,3
754,755,ENSG00000260855,ENST00000567832,246772301,246775772,3472,1
755,756,ENSG00000260877,ENST00000561588,69371463,69372512,372,2
756,757,ENSG00000260895,ENST00000567925,69103493,69109094,622,2
757,758,ENSG00000260971,ENST00000641611,56154545,56375299,1210,8
758,759,ENSG00000260971,ENST00000641333,56154657,56173802,1860,5
759,760,ENSG00000260971,ENST00000641349,56154657,56194113,892,4
760,761,ENSG00000260971,ENST00000641348,56154657,56225153,1343,8
761,762,ENSG00000260971,ENST00000641565,56165783,56172589,411,2
762,763,ENSG00000260971,ENST00000641302,56165787,56375353,932,5
763,764,ENSG00000260971,ENST00000641355,56165806,56172730,633,3
764,765,ENSG00000260971,ENST00000641914,56172204,56172715,512,1
765,766,ENSG00000260971,ENST00000642031,56173421,56285570,997,6
766,767,ENSG00000260971,ENST00000641766,56173422,56214865,290,2
767,768,ENSG00000260971,ENST00000641445,56235991,56375371,784,3
768,769,ENSG00000260971,ENST00000641155,56236088,56383219,993,3
769,770,ENSG00000260971,ENST00000641177,56248285,56375299,1386,4
770,771,ENSG00000260971,ENST00000641838,56248285,56375313,1141,3
771,772,ENSG00000260971,ENST00000569425,56248294,56258571,1351,3
772,773,ENSG00000260971,ENST00000642068,56248294,56375308,1254,3
773,774,ENSG00000260971,ENST00000641942,56248294,56375313,1086,3
774,775,ENSG00000260971,ENST00000642120,56248294,56375314,1151,3
775,776,ENSG00000260971,ENST00000641442,56248294,56376202,1272,2
776,777,ENSG00000260971,ENST00000641502,56248312,56375265,1048,3
777,778,ENSG00000260971,ENST00000641594,56248324,56375347,1213,3
778,779,ENSG00000260971,ENST00000641035,56248774,56477687,982,2
779,780,ENSG00000260971,ENST00000641876,56248886,56332262,454,2
780,781,ENSG00000260971,ENST00000641752,56258405,56375318,279,2
781,782,ENSG00000260972,ENST00000564261,5492978,5494674,1697,1
782,783,ENSG00000261000,ENST00000562504,206503948,206504456,509,1
783,784,ENSG00000261025,ENST00000568143,24968423,24970865,2443,1
784,785,ENSG00000261055,ENST00000565955,109895973,109897861,1889,1
785,786,ENSG00000261070,ENST00000562772,69147228,69171564,990,3
786,787,ENSG00000261076,ENST00000562575,58325614,58327030,1417,1
787,788,ENSG00000261098,ENST00000561746,107312132,107316271,4140,1
788,789,ENSG00000261135,ENST00000562878,16514645,16515754,1110,1
789,790,ENSG00000261182,ENST00000569873,188218400,188220676,2277,1
790,791,ENSG00000261213,ENST00000565735,75122518,75123927,1410,1
791,792,ENSG00000261257,ENST00000567082,126100505,126102413,1909,1
792,793,ENSG00000261347,ENST00000567742,69467598,69469705,664,2
793,794,ENSG00000261368,ENST00000561565,50964270,50965220,951,1
794,795,ENSG00000261642,ENST00000563320,191151510,191154634,3125,1
795,796,ENSG00000261671,ENST00000566763,22257786,22258548,763,1
796,797,ENSG00000261729,ENST00000569292,185655002,185657168,901,2
797,798,ENSG00000261817,ENST00000566904,180117140,180123890,506,3
798,799,ENSG00000261831,ENST00000567486,179926641,179941796,447,3
799,800,ENSG00000262412,ENST00000574842,27243130,27250804,1002,2
800,801,ENSG00000263041,ENST00000575236,117825903,117830518,632,5
801,802,ENSG00000264443,ENST00000577528,24538802,24556024,1445,3
802,803,ENSG00000267940,ENST00000600308,6201901,6203253,1353,1
803,804,ENSG00000269038,ENST00000594089,64778954,64779405,452,1
804,805,ENSG00000269489,ENST00000601909,151798054,151798602,549,1
805,806,ENSG00000269892,ENST00000602431,6742985,6743641,657,1
806,807,ENSG00000269895,ENST00000602510,86833068,86837615,1192,2
807,808,ENSG00000269967,ENST00000602889,31851913,31921841,587,2
808,809,ENSG00000269978,ENST00000602916,7700704,7700970,267,1
809,810,ENSG00000270030,ENST00000602949,325703,326294,592,1
810,811,ENSG00000270035,ENST00000602973,7698303,7698872,570,1
811,812,ENSG00000270066,ENST00000602755,109100193,109100619,427,1
812,813,ENSG00000270087,ENST00000418818,75279726,75401246,502,4
813,814,ENSG00000270087,ENST00000445450,75279731,75283346,380,4
814,815,ENSG00000270103,ENST00000602813,28648600,28648730,131,1
815,816,ENSG00000270104,ENST00000602345,228384114,228385016,574,2
816,817,ENSG00000270105,ENST00000602809,322186,322727,386,2
817,818,ENSG00000270111,ENST00000634462,10418739,10462349,1127,3
818,819,ENSG00000270111,ENST00000602311,10419538,10462349,505,4
819,820,ENSG00000270115,ENST00000602618,33261212,33261680,469,1
820,821,ENSG00000270117,ENST00000602344,65498010,65498405,396,1
821,822,ENSG00000270171,ENST00000602640,7693124,7694844,1721,1
822,823,ENSG00000270361,ENST00000604546,154937370,154938059,690,1
823,824,ENSG00000270403,ENST00000604533,117668483,117668858,376,1
824,825,ENSG00000270457,ENST00000604999,59289303,59289640,338,1
825,826,ENSG00000270607,ENST00000603468,19710934,19712619,1686,1
826,827,ENSG00000270972,ENST00000605240,333192,333688,497,1
827,828,ENSG00000271046,ENST00000604086,11679675,11680514,840,1
828,829,ENSG00000271200,ENST00000605725,61741998,61742424,427,1
829,830,ENSG00000271252,ENST00000603401,95743096,95759470,287,2
830,831,ENSG00000271259,ENST00000605051,89371820,89372359,540,1
831,832,ENSG00000271327,ENST00000605595,89367807,89369301,1495,1
832,833,ENSG00000271387,ENST00000605589,184385753,184386704,952,1
833,834,ENSG00000271390,ENST00000604700,111089870,111090368,499,1
834,835,ENSG00000271398,ENST00000605846,28247144,28247568,425,1
835,836,ENSG00000271409,ENST00000603033,70929925,70932057,1963,2
836,837,ENSG00000271420,ENST00000605350,23378380,23379029,650,1
837,838,ENSG00000271427,ENST00000604156,117364899,117365473,575,1
838,839,ENSG00000271576,ENST00000605506,84076331,84077931,1601,1
839,840,ENSG00000271732,ENST00000607700,16617391,16617729,339,1
840,841,ENSG00000271742,ENST00000606262,15682873,15683128,256,1
841,842,ENSG00000271751,ENST00000607857,119065263,119065677,415,1
842,843,ENSG00000271757,ENST00000607673,76392196,76392905,710,1
843,844,ENSG00000271758,ENST00000527565,7704628,7882947,589,6
844,845,ENSG00000271811,ENST00000606154,170667381,170669425,2045,1
845,846,ENSG00000271914,ENST00000606838,35929720,35930115,396,1
846,847,ENSG00000271981,ENST00000607282,22332587,22332981,395,1
847,848,ENSG00000271992,ENST00000607679,70445071,70445536,466,1
848,849,ENSG00000272068,ENST00000606343,156637783,156641004,3222,1
849,850,ENSG00000272088,ENST00000606489,3487246,3487627,382,1
850,851,ENSG00000272094,ENST00000606898,90860550,90862920,879,2
851,852,ENSG00000272140,ENST00000415917,73703735,73713509,1031,3
852,853,ENSG00000272140,ENST00000580623,73704897,73713581,560,2
853,854,ENSG00000272141,ENST00000606993,1169357,1170343,987,1
854,855,ENSG00000272205,ENST00000606967,167219831,167220512,682,1
855,856,ENSG00000272226,ENST00000607372,58812808,58813342,535,1
856,857,ENSG00000272235,ENST00000607061,3306636,3310096,3461,1
857,858,ENSG00000272362,ENST00000607759,234644666,234647571,526,2
858,859,ENSG00000272366,ENST00000607385,22340377,22340615,239,1
859,860,ENSG00000272371,ENST00000607321,52554818,52555273,456,1
860,861,ENSG00000272426,ENST00000606899,16904339,16904776,438,1
861,862,ENSG00000272432,ENST00000607698,25247837,25248321,485,1
862,863,ENSG00000272438,ENST00000607769,904834,915976,351,2
863,864,ENSG00000272447,ENST00000605920,79825902,79827602,1701,1
864,865,ENSG00000272449,ENST00000644246,2530064,2547460,1531,2
865,866,ENSG00000272449,ENST00000606645,2546400,2547460,1061,1
866,867,ENSG00000272455,ENST00000607307,1409096,1410618,1523,1
867,868,ENSG00000272482,ENST00000606790,12618900,12619244,345,1
868,869,ENSG00000272506,ENST00000607528,65003470,65004087,618,1
869,870,ENSG00000272512,ENST00000606034,995966,998051,2086,1
870,871,ENSG00000272516,ENST00000606988,22332404,22332987,584,1
871,872,ENSG00000272583,ENST00000609485,121518366,121518829,464,1
872,873,ENSG00000272630,ENST00000608005,73098044,73101297,3005,2
873,874,ENSG00000272642,ENST00000646216,127188885,127200058,1529,5
874,875,ENSG00000272642,ENST00000609845,127190769,127223449,414,5
875,876,ENSG00000272654,ENST00000608236,153977743,153979160,1418,1
876,877,ENSG00000272672,ENST00000608671,89939601,89940147,547,1
877,878,ENSG00000272691,ENST00000609367,85578500,85578742,243,1
878,879,ENSG00000272692,ENST00000609200,75409157,75411842,1890,3
879,880,ENSG00000272715,ENST00000610171,116909149,116909531,383,1
880,881,ENSG00000272748,ENST00000608199,74821610,74822130,521,1
881,882,ENSG00000272755,ENST00000610119,149264252,149264816,565,1
882,883,ENSG00000272764,ENST00000608273,5813985,5814441,276,2
883,884,ENSG00000272791,ENST00000609434,73630556,73631490,935,1
884,885,ENSG00000272823,ENST00000609941,220828676,220829211,536,1
885,886,ENSG00000272824,ENST00000609678,148358245,148358686,442,1
886,887,ENSG00000272853,ENST00000609399,14877688,14878686,999,1
887,888,ENSG00000272855,ENST00000608243,76636877,76637339,463,1
888,889,ENSG00000272864,ENST00000608748,74698769,74699333,565,1
889,890,ENSG00000272880,ENST00000609720,181812705,181813261,557,1
890,891,ENSG00000272892,ENST00000610279,67849525,67850746,1222,1
891,892,ENSG00000272906,ENST00000610272,179881607,179882595,989,1
892,893,ENSG00000272912,ENST00000610034,102914585,102915404,820,1
893,894,ENSG00000272931,ENST00000609194,89820174,89820868,695,1
894,895,ENSG00000272933,ENST00000607967,102642792,102644140,1349,1
895,896,ENSG00000272971,ENST00000609800,156614742,156615288,547,1
896,897,ENSG00000272983,ENST00000608335,38137337,38144399,7063,1
897,898,ENSG00000272988,ENST00000609403,72053294,72054037,744,1
898,899,ENSG00000273001,ENST00000607898,3065424,3066001,578,1
899,900,ENSG00000273004,ENST00000609881,185317779,185318530,752,1
900,901,ENSG00000273008,ENST00000609407,43136824,43138334,1511,1
901,902,ENSG00000273012,ENST00000608148,33341655,33341905,251,1
902,903,ENSG00000273038,ENST00000609742,32887255,32889311,2057,1
903,904,ENSG00000273059,ENST00000610161,148011799,148012228,430,1
904,905,ENSG00000273093,ENST00000608159,200315435,200315967,533,1
905,906,ENSG00000273107,ENST00000610158,24953241,24953513,273,1
906,907,ENSG00000273124,ENST00000607979,90997480,90997713,234,1
907,908,ENSG00000273143,ENST00000609514,110428840,110496187,488,4
908,909,ENSG00000273143,ENST00000607952,110475104,110496204,209,2
909,910,ENSG00000273153,ENST00000608026,17137336,17137585,250,1
910,911,ENSG00000273160,ENST00000610044,167457742,167459891,303,2
911,912,ENSG00000273162,ENST00000609242,101060029,101061005,977,1
912,913,ENSG00000273175,ENST00000610145,244864738,244865272,535,1
913,914,ENSG00000273198,ENST00000609032,186521773,186522304,532,1
914,915,ENSG00000273248,ENST00000609182,75408973,75409326,354,1
915,916,ENSG00000273264,ENST00000610230,85467295,85467660,366,1
916,917,ENSG00000273365,ENST00000608512,165706556,165707284,729,1
917,918,ENSG00000273406,ENST00000608123,120076616,120077091,476,1
918,919,ENSG00000273416,ENST00000609649,235104180,235104609,430,1
919,920,ENSG00000273443,ENST00000442292,1062208,1063288,829,2
920,921,ENSG00000273476,ENST00000609801,100967688,100968135,448,1
921,922,ENSG00000273481,ENST00000609583,151327949,151328429,481,1
922,923,ENSG00000273487,ENST00000609675,92189237,92190707,1293,2
923,924,ENSG00000273760,ENST00000619523,47970043,47973496,826,2
924,925,ENSG00000273980,ENST00000611956,133257144,133257551,408,1
925,926,ENSG00000274156,ENST00000614647,50934942,50935464,523,1
926,927,ENSG00000274191,ENST00000613543,122634130,122634673,544,1
927,928,ENSG00000274251,ENST00000613900,67353629,67354348,527,2
928,929,ENSG00000274265,ENST00000611769,149176022,149251013,838,3
929,930,ENSG00000274265,ENST00000619653,149176041,149180611,526,2
930,931,ENSG00000274265,ENST00000612135,149176183,149191268,405,4
931,932,ENSG00000274560,ENST00000616668,101696002,101696450,449,1
932,933,ENSG00000274685,ENST00000621752,133374736,133374869,134,1
933,934,ENSG00000274979,ENST00000613291,69326574,69331882,5309,1
934,935,ENSG00000275265,ENST00000619123,122501187,122501641,455,1
935,936,ENSG00000275286,ENST00000613623,44498616,44499158,543,1
936,937,ENSG00000275484,ENST00000616071,67374416,67374932,517,1
937,938,ENSG00000275703,ENST00000610699,6899752,6900212,461,1
938,939,ENSG00000276216,ENST00000618589,145281116,145281462,347,1
939,940,ENSG00000276509,ENST00000622359,146235806,146237807,2002,1
940,941,ENSG00000276850,ENST00000479781,47908064,47991800,376,3
941,942,ENSG00000276850,ENST00000613389,47934345,47985966,493,3
942,943,ENSG00000276850,ENST00000618306,47934348,47985987,372,2
943,944,ENSG00000276850,ENST00000610809,47985519,47991850,1962,2
944,945,ENSG00000276997,ENST00000621440,222477252,222489700,545,5
945,946,ENSG00000276997,ENST00000617077,222479174,222486207,536,2
946,947,ENSG00000276997,ENST00000613697,222486060,222504622,319,2
947,948,ENSG00000276997,ENST00000619187,222489586,222504481,459,4
948,949,ENSG00000276997,ENST00000620399,222490123,222504484,406,4
949,950,ENSG00000276997,ENST00000617276,222501338,222504603,434,2
950,951,ENSG00000277007,ENST00000612055,219270774,219273387,2614,1
951,952,ENSG00000277459,ENST00000614441,102109827,102110457,631,1
952,953,ENSG00000277738,ENST00000617041,91634887,91635644,758,1
953,954,ENSG00000278011,ENST00000612250,88601862,88602195,334,1
954,955,ENSG00000278266,ENST00000617117,127147149,127150081,2933,1
955,956,ENSG00000278376,ENST00000610705,118791254,118793137,1884,1
956,957,ENSG00000278467,ENST00000618397,223994262,223995196,573,2
957,958,ENSG00000278484,ENST00000613871,120984966,120985596,631,1
958,959,ENSG00000278610,ENST00000495684,222815064,222994906,564,8
959,960,ENSG00000278743,ENST00000622671,25385670,25386241,572,1
960,961,ENSG00000279151,ENST00000624517,16701546,16705594,406,3
961,962,ENSG00000279261,ENST00000640945,234757619,234760056,2438,1
962,963,ENSG00000279261,ENST00000624397,234757621,234760056,2436,1
963,964,ENSG00000279607,ENST00000624651,93071972,93073466,567,2
964,965,ENSG00000280953,ENST00000626518,128181032,128306183,533,4
965,966,ENSG00000280953,ENST00000630252,128181136,128317726,3086,7
966,967,ENSG00000281097,ENST00000631195,129612116,129617269,982,4
967,968,ENSG00000281186,ENST00000628989,6774307,6779180,699,2
968,969,ENSG00000281386,ENST00000626400,129591493,129612110,527,2
969,970,ENSG00000281655,ENST00000629499,102681310,102683913,721,3
970,971,ENSG00000282057,ENST00000488557,85482281,85496281,460,3
971,972,ENSG00000282057,ENST00000498304,85488299,85578250,508,4
972,973,ENSG00000282057,ENST00000467530,85493417,85578150,2745,3
973,974,ENSG00000282057,ENST00000472448,85495431,85521810,517,2
974,975,ENSG00000282057,ENST00000467666,85495739,85576858,531,4
975,976,ENSG00000282097,ENST00000632063,234709383,234720220,1257,4
976,977,ENSG00000282143,ENST00000633763,16656879,16667524,817,3
977,978,ENSG00000282265,ENST00000632868,215393646,215394418,582,2
978,979,ENSG00000282317,ENST00000632004,244731024,244731586,563,1
979,980,ENSG00000282418,ENST00000632561,225465021,225473837,559,2
980,981,ENSG00000282564,ENST00000633012,230426491,230436822,540,2
981,982,ENSG00000282718,ENST00000632866,212916787,212917577,554,3
982,983,ENSG00000282740,ENST00000633433,16739938,16750589,819,3
983,984,ENSG00000282787,ENST00000631930,125162379,125162971,593,1
984,985,ENSG00000282843,ENST00000635428,17193232,17201733,1228,5
985,986,ENSG00000282849,ENST00000635660,200478020,200483604,638,2
986,987,ENSG00000282863,ENST00000634930,78179174,78527338,459,4
987,988,ENSG00000282863,ENST00000421324,78238255,78675109,535,3
988,989,ENSG00000282863,ENST00000510550,78406544,78550857,595,4
989,990,ENSG00000282887,ENST00000639693,110472543,110474966,946,4
990,991,ENSG00000282887,ENST00000634812,110473776,110474980,431,3
991,992,ENSG00000282898,ENST00000635706,79323769,79324852,559,2
992,993,ENSG00000282906,ENST00000635094,65123667,65141185,920,2
993,994,ENSG00000282906,ENST00000634479,65134495,65141011,921,3
994,995,ENSG00000282952,ENST00000635018,78538391,78551719,572,3
995,996,ENSG00000282996,ENST00000634334,28303300,28307658,843,3
996,997,ENSG00000283044,ENST00000635698,207401691,207416236,479,3
997,998,ENSG00000283053,ENST00000635467,90622143,90623611,1469,1
998,999,ENSG00000283095,ENST00000634373,131891640,131895297,1535,2
999,1000,ENSG00000283096,ENST00000634547,78176928,78178186,1259,1
1000,1001,ENSG00000283217,ENST00000526615,43556436,43673393,689,5
1001,1002,ENSG00000283217,ENST00000533358,43576588,43673243,475,4
1002,1003,ENSG00000283217,ENST00000637980,43579195,43584601,364,2
1003,1004,ENSG00000283217,ENST00000532989,43670286,43673282,481,2
1004,1005,ENSG00000283255,ENST00000422548,168401483,168407274,389,3
1005,1006,ENSG00000283317,ENST00000636824,161433444,161440996,569,2
1006,1007,ENSG00000283360,ENST00000637155,161403409,161470523,863,5
1007,1008,ENSG00000283415,ENST00000637205,6821942,6926877,4822,4
1008,1009,ENSG00000283445,ENST00000637377,58715609,58759623,2219,7
1009,1010,ENSG00000283445,ENST00000636386,58718420,58771295,2708,4
1010,1011,ENSG00000283696,ENST00000636161,161399409,161422424,997,2
1011,1012,ENSG00000283973,ENST00000640236,42959065,42961791,535,5
1012,1013,ENSG00000283973,ENST00000640492,42959158,42961864,759,6
1013,1014,ENSG00000284616,ENST00000641871,5301928,5307394,1225,4
1014,1015,ENSG00000284632,ENST00000641723,38754216,38774508,440,2
1015,1016,ENSG00000284632,ENST00000641481,38754216,38815979,890,4
1016,1017,ENSG00000284632,ENST00000641963,38781167,38804085,514,3
1017,1018,ENSG00000284640,ENST00000641402,35141515,35146435,1886,3
1018,1019,ENSG00000284641,ENST00000641552,20476222,20478793,986,2
1019,1020,ENSG00000284641,ENST00000641937,20476630,20478937,1156,2
1020,1021,ENSG00000284642,ENST00000641011,10395416,10396041,299,2
1021,1022,ENSG00000284642,ENST00000641335,10395618,10397432,1369,2
1022,1023,ENSG00000284642,ENST00000641456,10395783,10397376,1142,2
1023,1024,ENSG00000284642,ENST00000641062,10396238,10397363,670,2
1024,1025,ENSG00000284646,ENST00000641979,11311734,11319093,742,4
1025,1026,ENSG00000284650,ENST00000642067,37133489,37136146,1039,2
1026,1027,ENSG00000284652,ENST00000641006,9421098,9422862,1765,1
1027,1028,ENSG00000284653,ENST00000641892,18015712,18045612,2013,4
1028,1029,ENSG00000284657,ENST00000641059,25239494,25240253,760,1
1029,1030,ENSG00000284666,ENST00000641583,5480787,5482028,609,2
1030,1031,ENSG00000284676,ENST00000641702,29755175,29790597,1953,5
1031,1032,ENSG00000284677,ENST00000642138,40436199,40450039,673,5
1032,1033,ENSG00000284692,ENST00000641426,5478736,5492889,679,3
1033,1034,ENSG00000284692,ENST00000641860,5489795,5493057,2210,3
1034,1035,ENSG00000284692,ENST00000649109,5490829,5492804,830,4
1035,1036,ENSG00000284694,ENST00000641472,4479131,4484375,3402,2
1036,1037,ENSG00000284696,ENST00000641749,50229662,50321161,1706,12
1037,1038,ENSG00000284696,ENST00000641180,50265742,50321124,956,2
1038,1039,ENSG00000284696,ENST00000641951,50266310,50280175,371,2
1039,1040,ENSG00000284696,ENST00000641628,50284102,50321120,552,3
1040,1041,ENSG00000284696,ENST00000642061,50295311,50295546,236,1
1041,1042,ENSG00000284696,ENST00000641957,50317187,50321170,626,2
1042,1043,ENSG00000284696,ENST00000641188,50317213,50321120,675,3
1043,1044,ENSG00000284696,ENST00000641192,50317908,50321111,594,2
1044,1045,ENSG00000284699,ENST00000641176,24704894,24717596,886,4
1045,1046,ENSG00000284702,ENST00000641788,31972189,31987034,1873,2
1046,1047,ENSG00000284703,ENST00000642139,4012921,4019508,4817,2
1047,1048,ENSG00000284705,ENST00000641463,36703953,36710582,2694,2
1048,1049,ENSG00000284710,ENST00000641574,20272018,20273599,831,2
1049,1050,ENSG00000284710,ENST00000641138,20272479,20275005,1548,3
1050,1051,ENSG00000284716,ENST00000641100,7998187,7999934,1043,2
1051,1052,ENSG00000284719,ENST00000641382,39799422,39805452,801,3
1052,1053,ENSG00000284719,ENST00000641632,39804521,39809450,1098,3
1053,1054,ENSG00000284720,ENST00000642109,36768122,36769725,1521,2
1054,1055,ENSG00000284721,ENST00000641271,33194788,33200353,1932,2
1055,1056,ENSG00000284721,ENST00000641727,33196136,33199805,32,2
1056,1057,ENSG00000284726,ENST00000641772,23297797,23302866,604,2
1057,1058,ENSG00000284735,ENST00000641495,10381906,10386541,399,2
1058,1059,ENSG00000284735,ENST00000641619,10381978,10383105,917,2
1059,1060,ENSG00000284735,ENST00000641117,10384628,10387150,1392,2
1060,1061,ENSG00000284739,ENST00000641254,4963954,4973298,464,3
1061,1062,ENSG00000284743,ENST00000641097,20478779,20480397,674,2
1062,1063,ENSG00000284744,ENST00000641757,6767954,6770038,987,3
1063,1064,ENSG00000284745,ENST00000641229,2960658,2963415,1509,3
1064,1065,ENSG00000284745,ENST00000642073,2961018,2968707,1142,3
1065,1066,ENSG00000284808,ENST00000647399,61481087,61533271,2442,3
1066,1067,ENSG00000284846,ENST00000646669,86821558,86834169,1638,3
1067,1068,ENSG00000284928,ENST00000646967,64186791,64192685,1031,2
1068,1069,ENSG00000285041,ENST00000646352,68633701,68640425,2636,3
1069,1070,ENSG00000285079,ENST00000646875,65703962,65714847,2316,3
1070,1071,ENSG00000285179,ENST00000642971,81209834,81222076,748,2
1071,1072,ENSG00000285191,ENST00000647344,84147304,84154338,538,2
1072,1073,ENSG00000285201,ENST00000646678,84038529,84065031,441,2
1073,1074,ENSG00000285254,ENST00000642887,22475455,22478026,2572,1
1074,1075,ENSG00000285280,ENST00000643151,192167786,192392914,2700,8
1075,1076,ENSG00000285280,ENST00000642855,192387632,192629085,1042,8
1076,1077,ENSG00000285280,ENST00000644134,192491452,192925715,1113,7
1077,1078,ENSG00000285280,ENST00000646471,192516943,192739495,1336,5
1078,1079,ENSG00000285280,ENST00000644058,192517637,192925804,953,6
1079,1080,ENSG00000285280,ENST00000434300,192517639,192739443,507,4
1080,1081,ENSG00000285280,ENST00000646999,192517743,192768534,1335,10
1081,1082,ENSG00000285280,ENST00000645822,192725881,192925752,1631,6
1082,1083,ENSG00000285280,ENST00000646606,192835405,192955037,1159,7
1083,1084,ENSG00000285280,ENST00000644436,192910953,192925715,633,2
1084,1085,ENSG00000285280,ENST00000644504,192935739,192955045,758,6
1085,1086,ENSG00000285280,ENST00000647436,192935796,192957713,518,2
1086,1087,ENSG00000285280,ENST00000451690,192937300,192948257,276,2
1087,1088,ENSG00000285300,ENST00000646051,70927055,71077810,2199,5
1088,1089,ENSG00000285325,ENST00000643511,84785427,84786714,1172,2
1089,1090,ENSG00000285361,ENST00000644783,84477039,84479157,1318,2
1090,1091,ENSG00000285374,ENST00000644179,84607099,84610697,1060,3
1091,1092,ENSG00000285407,ENST00000643361,68679202,68943391,1805,7
1092,1093,ENSG00000285407,ENST00000646995,68881577,68943452,1299,2
1093,1094,ENSG00000285407,ENST00000645269,68881980,68883459,541,2
1094,1095,ENSG00000285409,ENST00000644002,79967733,80051404,597,3
1095,1096,ENSG00000285473,ENST00000644104,68974010,69023558,716,4
1096,1097,ENSG00000285525,ENST00000648946,100628230,100641723,1414,3
1097,1098,ENSG00000285529,ENST00000649726,130525712,130537406,836,3
1098,1099,ENSG00000285533,ENST00000648185,65663086,65671716,824,5
1099,1100,ENSG00000285540,ENST00000648887,114109856,114118700,1936,2
1100,1101,ENSG00000285554,ENST00000647691,150173049,150181429,1155,3
1101,1102,ENSG00000285561,ENST00000647864,124406997,124414792,4976,3
1102,1103,ENSG00000285562,ENST00000648470,18142341,18145142,2715,2
1103,1104,ENSG00000285568,ENST00000647625,81015849,81040236,1052,5
1104,1105,ENSG00000285581,ENST00000650363,1464582,1467632,2432,2
1105,1106,ENSG00000285615,ENST00000647791,129372194,129380753,1267,3
1106,1107,ENSG00000285630,ENST00000648759,30587706,30591092,1817,4
1107,1108,ENSG00000285638,ENST00000648197,190878145,191151410,2438,6
1108,1109,ENSG00000285640,ENST00000650618,134685044,134702004,2259,5
1109,1110,ENSG00000285646,ENST00000650448,11908147,11913232,654,2
1110,1111,ENSG00000285646,ENST00000649268,11908147,11913232,737,3
1111,1112,ENSG00000285656,ENST00000649903,62116470,62123767,988,2
1112,1113,ENSG00000285671,ENST00000648484,14372001,14377586,2591,3
1113,1114,ENSG00000285693,ENST00000624670,72793624,72814054,1299,5
1114,1115,ENSG00000285698,ENST00000649888,115270767,115283763,1354,4
1115,1116,ENSG00000285705,ENST00000648434,35824192,35838523,942,3
1116,1117,ENSG00000285712,ENST00000650340,43325833,43350792,1590,3
1117,1118,ENSG00000285718,ENST00000648938,194785517,194931310,580,4
1118,1119,ENSG00000285740,ENST00000649203,35894987,35897735,2138,2
1119,1120,ENSG00000285743,ENST00000650342,6682513,6823789,1154,7
1120,1121,ENSG00000285750,ENST00000649039,24816331,24822950,2057,2
1121,1122,ENSG00000285751,ENST00000649415,39024631,39161638,2383,3
1122,1123,ENSG00000285752,ENST00000649486,22028317,22052927,2574,3
1123,1124,ENSG00000285769,ENST00000648201,112637342,112751131,1654,5
1124,1125,ENSG00000285778,ENST00000649962,73787370,73915315,1672,4
1125,1126,ENSG00000285782,ENST00000647626,83397568,83425353,748,8
1126,1127,ENSG00000285802,ENST00000648225,23576436,23593621,1322,4
1127,1128,ENSG00000285825,ENST00000649496,124950331,124953555,952,3
1128,1129,ENSG00000285842,ENST00000648353,95571040,95748715,1354,5
1129,1130,ENSG00000285845,ENST00000650205,6779608,6877888,1231,6
1130,1131,ENSG00000285847,ENST00000648800,184635654,184664303,1677,8
1131,1132,ENSG00000285853,ENST00000648419,16515034,16521788,1558,3
1132,1133,ENSG00000285864,ENST00000650022,72261731,72290688,878,2
1133,1134,ENSG00000285867,ENST00000647794,153586813,153606283,3176,2
1134,1135,ENSG00000285871,ENST00000650255,68896920,68900768,1780,2
1135,1136,ENSG00000285894,ENST00000648838,188013642,188144763,1401,4
1136,1137,ENSG00000285895,ENST00000648438,58491773,58493480,1526,2
1137,1138,ENSG00000285905,ENST00000648746,39779969,39781418,1218,2
1138,1139,ENSG00000285921,ENST00000648443,96092374,96137827,904,4
1139,1140,ENSG00000285922,ENST00000648602,98052077,98054592,1784,2
1140,1141,ENSG00000285928,ENST00000650170,78022565,78024861,1795,2
1141,1142,ENSG00000285933,ENST00000648998,71745331,71747051,1145,2
1142,1143,ENSG00000285945,ENST00000648684,2768091,2784733,593,3
1143,1144,ENSG00000285954,ENST00000647620,53344031,53365473,886,4
1144,1145,ENSG00000285958,ENST00000648218,52946431,52955585,6744,2
1145,1146,ENSG00000285981,ENST00000648518,104998406,105032365,619,5
1146,1147,ENSG00000285988,ENST00000648995,6737418,6840712,614,4
1147,1148,ENSG00000286008,ENST00000651513,132344477,132345352,514,2
1148,1149,ENSG00000286016,ENST00000650869,127130005,127207706,1620,5
1149,1150,ENSG00000286043,ENST00000651263,82673070,82686632,1034,4
1150,1151,ENSG00000286049,ENST00000652653,91423781,91426936,1837,2
1151,1152,ENSG00000286109,ENST00000651271,233724454,233730746,1079,3
1152,1153,ENSG00000286142,ENST00000650982,236123667,236130410,1135,3
1153,1154,ENSG00000286198,ENST00000652300,208266059,208270667,3110,2
1154,1155,ENSG00000286210,ENST00000652079,234535963,234539054,1099,3
1155,1156,ENSG00000286213,ENST00000651527,212504178,212534060,1112,5
1156,1157,ENSG00000286216,ENST00000652491,247337886,247348076,1100,3
1157,1158,ENSG00000286263,ENST00000651370,234811052,234932653,3610,2
