,SNO,Gene ID,Display Name,Biotype,Start,End,Strand,Seq region Name,No. of Transcripts
0,1,ENSG00000181908,AP003774.1,lincRNA,64449074,64451657,1,11,1
1,2,ENSG00000197176,LINC02291,lincRNA,97632647,97686658,-1,14,3
2,3,ENSG00000204241,AP000911.1,lincRNA,134032272,134046849,1,11,7
3,4,ENSG00000204362,AL590644.1,lincRNA,17189783,17197617,1,1,2
4,5,ENSG00000204754,LINC01951,lincRNA,174919082,174995513,-1,5,1
5,6,ENSG00000205015,LINC02138,lincRNA,89166383,89169147,1,16,1
6,7,ENSG00000205106,AC044839.1,lincRNA,45771432,45772358,1,11,1
7,8,ENSG00000205632,LINC01310,lincRNA,48866770,48898386,1,22,1
8,9,ENSG00000205634,LINC00898,lincRNA,47621043,47631569,-1,22,3
9,10,ENSG00000212743,LINC02656,lincRNA,6350316,6352762,1,10,1
10,11,ENSG00000214043,LINC02347,lincRNA,126442481,126472790,1,12,5
11,12,ENSG00000215244,LINC02649,lincRNA,6277687,6335982,1,10,1
12,13,ENSG00000218357,LINC01644,lincRNA,47461299,47487111,-1,22,2
13,14,ENSG00000223381,LINC02661,lincRNA,108710518,108839363,1,10,1
14,15,ENSG00000223581,LINC02665,lincRNA,7097152,7097675,1,10,1
15,16,ENSG00000223993,LINC02647,lincRNA,85431943,85432515,-1,10,1
16,17,ENSG00000224164,AL133264.2,lincRNA,24742302,24751921,1,6,2
17,18,ENSG00000224173,AC007422.1,lincRNA,67562067,67574044,1,2,1
18,19,ENSG00000224190,LINC02667,lincRNA,128912879,128916271,1,10,1
19,20,ENSG00000224222,LINC02636,lincRNA,69994626,70007836,-1,10,1
20,21,ENSG00000224265,LINC02633,lincRNA,43323665,43327932,1,10,1
21,22,ENSG00000224535,AC092803.1,lincRNA,212466816,212467743,-1,1,1
22,23,ENSG00000224565,LINC01754,lincRNA,47391929,47412327,-1,20,1
23,24,ENSG00000224711,LINC01706,lincRNA,7347467,7367632,1,20,1
24,25,ENSG00000224714,LINC02671,lincRNA,64901136,64924518,-1,10,1
25,26,ENSG00000224788,LINC02670,lincRNA,10058722,10063502,1,10,1
26,27,ENSG00000224893,AL160162.1,lincRNA,152794496,152875989,-1,6,3
27,28,ENSG00000224943,AL663023.1,lincRNA,159466321,159483376,1,1,1
28,29,ENSG00000224977,AL121983.1,lincRNA,174022509,174022985,1,1,1
29,30,ENSG00000225334,AL391811.1,lincRNA,224766352,224773341,1,1,2
30,31,ENSG00000225413,LINC02557,lincRNA,23512494,23513602,-1,22,1
31,32,ENSG00000225657,LINC01716,lincRNA,56577563,56598621,1,20,2
32,33,ENSG00000225759,LINC00489,lincRNA,37619298,37623119,-1,20,1
33,34,ENSG00000225768,LINC02620,lincRNA,104474939,104480274,-1,10,1
34,35,ENSG00000225857,AL162431.1,lincRNA,180906651,180909166,1,1,2
35,36,ENSG00000225930,LINC02249,lincRNA,30195809,30217552,1,15,3
36,37,ENSG00000225948,LINC02648,lincRNA,6618716,6625346,1,10,1
37,38,ENSG00000226005,LINC02660,lincRNA,3912027,3935813,1,10,2
38,39,ENSG00000226133,AL356289.1,lincRNA,48050659,48091736,1,1,3
39,40,ENSG00000226140,LINC02654,lincRNA,16278701,16295858,1,10,2
40,41,ENSG00000226203,LINC01733,lincRNA,25955812,25969288,1,20,1
41,42,ENSG00000226412,LINC02628,lincRNA,33578931,33600040,-1,10,1
42,43,ENSG00000226581,AC092634.3,lincRNA,63900823,63917994,1,7,1
43,44,ENSG00000226676,BX248123.1,lincRNA,79628757,79632188,-1,10,2
44,45,ENSG00000226741,LINC02554,lincRNA,27310651,27317456,1,22,1
45,46,ENSG00000226762,LINC02668,lincRNA,3232388,3257932,-1,10,1
46,47,ENSG00000226822,AL390036.1,lincRNA,108040263,108076020,1,1,5
47,48,ENSG00000226828,AL591885.1,lincRNA,243917402,244047317,1,1,1
48,49,ENSG00000227016,AL583808.2,lincRNA,72765031,72791282,1,1,1
49,50,ENSG00000227082,AC244021.1,lincRNA,121396754,121463429,1,1,3
50,51,ENSG00000227121,LINC02672,lincRNA,52973488,52975815,-1,10,1
51,52,ENSG00000227306,AP006285.1,lincRNA,1688297,1689056,1,11,1
52,53,ENSG00000227308,AC009502.1,lincRNA,219685381,219737937,1,2,4
53,54,ENSG00000227313,LINC02630,lincRNA,35896874,35898963,-1,10,1
54,55,ENSG00000227740,AL513329.1,lincRNA,175904762,175920513,-1,1,1
55,56,ENSG00000228189,AL592486.1,lincRNA,88627189,88652160,-1,9,2
56,57,ENSG00000228215,AL954650.1,lincRNA,191875495,192011260,1,1,1
57,58,ENSG00000228482,LINC01713,lincRNA,6731258,6736136,-1,20,1
58,59,ENSG00000228636,LINC02663,lincRNA,9758783,9878060,-1,10,2
59,60,ENSG00000228951,AL365356.3,lincRNA,5616862,5618161,-1,10,1
60,61,ENSG00000229201,AC092783.1,lincRNA,90510910,90533472,-1,1,1
61,62,ENSG00000229274,AL662860.1,lincRNA,29497509,29510556,1,6,1
62,63,ENSG00000229291,AL139161.1,lincRNA,235957879,235971825,-1,1,1
63,64,ENSG00000229466,LINC02627,lincRNA,105808775,105819197,-1,10,1
64,65,ENSG00000229484,AC243836.1,lincRNA,12527724,12528420,1,1,1
65,66,ENSG00000229606,LINC01718,lincRNA,61079140,61080179,1,20,1
66,67,ENSG00000229611,AL354707.2,lincRNA,6704471,6707780,1,9,1
67,68,ENSG00000229649,AL133387.2,lincRNA,101252821,101263550,-1,10,1
68,69,ENSG00000230023,AL590683.1,lincRNA,24200240,24211693,1,1,1
69,70,ENSG00000230109,LINC02643,lincRNA,21340233,21372950,-1,10,1
70,71,ENSG00000230131,LINC02641,lincRNA,123356450,123517708,1,10,2
71,72,ENSG00000230133,LINC01721,lincRNA,24199767,24224588,1,20,1
72,73,ENSG00000230138,AC119428.2,lincRNA,53366668,53368245,-1,1,1
73,74,ENSG00000230324,LINC01734,lincRNA,39213777,39224748,-1,20,1
74,75,ENSG00000230400,LINC01747,lincRNA,22668484,22685344,-1,20,3
75,76,ENSG00000230573,LINC02639,lincRNA,3833950,3834728,1,10,1
76,77,ENSG00000230720,LINC02644,lincRNA,30723251,30723740,1,10,1
77,78,ENSG00000230852,AL161621.1,lincRNA,84019204,84026100,1,6,1
78,79,ENSG00000231082,LINC02655,lincRNA,80649797,80653732,1,10,1
79,80,ENSG00000231253,LINC01640,lincRNA,33108529,33116294,1,22,1
80,81,ENSG00000231326,LINC02662,lincRNA,2169140,2189474,-1,10,2
81,82,ENSG00000231483,AL365356.4,lincRNA,5608475,5610793,-1,10,1
82,83,ENSG00000231510,AL691497.1,lincRNA,5086459,5090899,-1,1,1
83,84,ENSG00000231529,AC096644.1,lincRNA,220485104,220487043,-1,1,1
84,85,ENSG00000231680,AP003774.3,lincRNA,64394342,64395831,-1,11,1
85,86,ENSG00000231718,AC099673.1,lincRNA,199148598,199393307,1,1,1
86,87,ENSG00000231966,AL359853.2,lincRNA,179829609,179836124,-1,1,1
87,88,ENSG00000232190,LINC02181,lincRNA,87057784,87063991,1,16,1
88,89,ENSG00000232265,AC239803.1,lincRNA,148162360,148186630,1,1,10
89,90,ENSG00000232453,AC105277.1,lincRNA,58882868,58903747,-1,1,5
90,91,ENSG00000232527,AC245595.1,lincRNA,144227030,144250288,-1,1,4
91,92,ENSG00000232591,LINC02642,lincRNA,7445558,7471942,-1,10,1
92,93,ENSG00000232655,LINC01656,lincRNA,44443327,44444788,1,22,1
93,94,ENSG00000233200,LINC02634,lincRNA,35219894,35230598,-1,10,1
94,95,ENSG00000233277,LINC01728,lincRNA,43894720,43895468,1,20,1
95,96,ENSG00000233321,LINC02669,lincRNA,3486894,3502838,-1,10,1
96,97,ENSG00000233521,LINC01638,lincRNA,27221349,27224727,-1,22,3
97,98,ENSG00000233590,LINC02640,lincRNA,68233251,68242379,-1,10,2
98,99,ENSG00000233643,LINC02625,lincRNA,61781745,61821246,-1,10,1
99,100,ENSG00000233945,LINC02650,lincRNA,83672406,83675439,-1,10,1
100,101,ENSG00000234170,LINC02645,lincRNA,2446253,2447352,-1,10,3
101,102,ENSG00000234265,LINC01723,lincRNA,12950338,12951627,1,20,1
102,103,ENSG00000234476,AC092811.1,lincRNA,225447243,225465347,-1,1,3
103,104,ENSG00000234752,AC044784.2,lincRNA,8897989,8914596,1,10,1
104,105,ENSG00000234756,LINC02621,lincRNA,62289521,62304033,1,10,1
105,106,ENSG00000234864,LINC02632,lincRNA,42696035,42706453,1,10,1
106,107,ENSG00000234928,LINC01659,lincRNA,23433564,23435071,1,22,2
107,108,ENSG00000234944,LINC02623,lincRNA,42871521,42874060,1,10,1
108,109,ENSG00000234952,LINC02674,lincRNA,117735313,117736407,1,10,1
109,110,ENSG00000234973,LINC02658,lincRNA,43777562,43778825,-1,10,2
110,111,ENSG00000235295,LINC01634,lincRNA,18029385,18037968,1,22,1
111,112,ENSG00000235343,LINC01665,lincRNA,16746869,16748645,-1,22,1
112,113,ENSG00000235446,AL512271.1,lincRNA,69215835,69249477,-1,1,2
113,114,ENSG00000235645,LINC02651,lincRNA,69684899,69692452,1,10,1
114,115,ENSG00000235741,AC099796.1,lincRNA,54516412,54517259,-1,1,1
115,116,ENSG00000235887,AC239859.3,lincRNA,143499187,143500512,-1,1,1
116,117,ENSG00000236117,LINC01639,lincRNA,43400331,43409681,1,22,1
117,118,ENSG00000236303,LINC02646,lincRNA,130213488,130483193,1,10,3
118,119,ENSG00000236373,LINC02653,lincRNA,90402521,90540805,-1,10,1
119,120,ENSG00000236436,AC012361.1,lincRNA,20859771,20861661,1,2,1
120,121,ENSG00000236464,LINC02559,lincRNA,26161834,26164303,1,22,1
121,122,ENSG00000236648,AL136529.1,lincRNA,17717687,17749978,1,1,1
122,123,ENSG00000236714,LINC01844,lincRNA,142745587,142760998,1,5,2
123,124,ENSG00000236769,LINC02659,lincRNA,43900891,43912331,-1,10,2
124,125,ENSG00000236799,LINC02626,lincRNA,114994657,114996593,1,10,1
125,126,ENSG00000236908,AC005865.1,lincRNA,3318718,3325343,1,12,2
126,127,ENSG00000236975,AL137793.1,lincRNA,229092815,229094905,-1,1,1
127,128,ENSG00000237128,LINC02652,lincRNA,28433008,28495813,-1,10,1
128,129,ENSG00000237435,AC099566.1,lincRNA,95937901,96022880,1,1,18
129,130,ENSG00000237567,Z97206.2,lincRNA,105612667,105632196,-1,6,1
130,131,ENSG00000237937,AP000770.1,lincRNA,116639422,116658252,1,11,2
131,132,ENSG00000237980,AL590648.3,lincRNA,212653999,212665434,-1,1,1
132,133,ENSG00000238107,AC245100.6,lincRNA,148295180,148297556,1,1,1
133,134,ENSG00000238131,AC073521.1,lincRNA,53926676,53947744,-1,7,1
134,135,ENSG00000238242,AC097066.1,lincRNA,60114875,60149679,1,1,1
135,136,ENSG00000242147,LINC02657,lincRNA,5594991,5596118,-1,10,1
136,137,ENSG00000245522,AC026250.1,lincRNA,9754770,9759533,-1,11,2
137,138,ENSG00000248107,LINC02039,lincRNA,126179577,126193850,1,5,1
138,139,ENSG00000248132,LINC02101,lincRNA,58108082,58122341,-1,5,1
139,140,ENSG00000248150,LINC02150,lincRNA,16373361,16440081,-1,5,1
140,141,ENSG00000248279,LINC02120,lincRNA,32947443,32962467,1,5,2
141,142,ENSG00000248371,LINC02056,lincRNA,72574120,72660669,-1,5,3
142,143,ENSG00000248391,LINC02064,lincRNA,29380296,29395981,-1,5,2
143,144,ENSG00000248473,LINC01962,lincRNA,181191046,181191852,-1,5,1
144,145,ENSG00000248474,LINC02122,lincRNA,74084068,74103216,-1,5,1
145,146,ENSG00000248528,LINC02058,lincRNA,92907180,92939591,-1,5,1
146,147,ENSG00000248677,LINC02102,lincRNA,6686325,6707711,-1,5,2
147,148,ENSG00000248717,LINC02222,lincRNA,180684766,180686546,1,5,1
148,149,ENSG00000248727,LINC01948,lincRNA,56457795,56481946,-1,5,2
149,150,ENSG00000248789,LINC02118,lincRNA,52008031,52080987,1,5,2
150,151,ENSG00000248844,AP003555.1,lincRNA,70056230,70065371,-1,11,2
151,152,ENSG00000248846,LINC02065,lincRNA,66206212,66209447,-1,5,1
152,153,ENSG00000248901,LINC01846,lincRNA,98086260,98161193,-1,5,1
153,154,ENSG00000248990,AC100773.1,lincRNA,28679183,28683469,1,11,1
154,155,ENSG00000249128,LINC02215,lincRNA,118596188,118628092,1,5,1
155,156,ENSG00000249203,LINC02224,lincRNA,44495618,44510282,-1,5,2
156,157,ENSG00000249551,LINC02216,lincRNA,118575575,118581324,1,5,1
157,158,ENSG00000249584,LINC02225,lincRNA,57890327,57899162,-1,5,1
158,159,ENSG00000249785,LINC02103,lincRNA,28285964,28287777,-1,5,2
159,160,ENSG00000249830,LINC02162,lincRNA,3452816,3461660,1,5,1
160,161,ENSG00000249867,AC090833.1,lincRNA,28702615,29063821,1,11,2
161,162,ENSG00000250127,LINC02108,lincRNA,58541567,58558243,-1,5,1
162,163,ENSG00000250198,LINC02199,lincRNA,8839732,8898052,1,5,4
163,164,ENSG00000250303,AP002884.1,lincRNA,112270749,112362534,1,11,5
164,165,ENSG00000250313,LINC02229,lincRNA,66507544,66511604,-1,5,1
165,166,ENSG00000250358,LINC02200,lincRNA,112628436,112632100,1,5,3
166,167,ENSG00000250417,LINC02116,lincRNA,1855970,1856568,-1,5,1
167,168,ENSG00000250427,LINC02148,lincRNA,118282575,118284782,1,5,1
168,169,ENSG00000250447,LINC02105,lincRNA,53776644,53819686,-1,5,2
169,170,ENSG00000250490,LINC02145,lincRNA,6310441,6339884,-1,5,2
170,171,ENSG00000250508,AP000808.1,lincRNA,68870664,68874542,1,11,1
171,172,ENSG00000250529,LINC02121,lincRNA,5069192,5078311,-1,5,1
172,173,ENSG00000250668,LINC02123,lincRNA,7346986,7347977,-1,5,1
173,174,ENSG00000250822,LINC02111,lincRNA,17378906,17387310,-1,5,1
174,175,ENSG00000251026,LINC02163,lincRNA,104079911,104105403,1,5,1
175,176,ENSG00000251027,LINC01950,lincRNA,106815197,107011014,-1,5,2
176,177,ENSG00000251169,LINC01843,lincRNA,134506552,134509229,1,5,1
177,178,ENSG00000251183,LINC01861,lincRNA,153887428,153898987,-1,5,1
178,179,ENSG00000251226,AP001999.1,lincRNA,134735596,134763810,1,11,1
179,180,ENSG00000251273,LINC02228,lincRNA,25087450,25190956,-1,5,3
180,181,ENSG00000251311,LINC02214,lincRNA,116742991,116762209,-1,5,1
181,182,ENSG00000251323,AP003086.1,lincRNA,78423982,78429836,-1,11,1
182,183,ENSG00000251443,LINC02160,lincRNA,33229735,33255553,1,5,1
183,184,ENSG00000251538,LINC02201,lincRNA,122628952,122730685,-1,5,4
184,185,ENSG00000251542,LINC01957,lincRNA,114576041,114579970,1,5,1
185,186,ENSG00000251543,LINC02230,lincRNA,73337906,73338533,1,5,1
186,187,ENSG00000251573,LINC02106,lincRNA,50969217,50970167,-1,5,2
187,188,ENSG00000251637,AP003716.1,lincRNA,67886477,67906350,1,11,3
188,189,ENSG00000253236,LINC02143,lincRNA,164448422,164467402,-1,5,1
189,190,ENSG00000253298,LINC01845,lincRNA,159448556,159466276,-1,5,1
190,191,ENSG00000253417,LINC02159,lincRNA,160931778,160938626,-1,5,2
191,192,ENSG00000253428,LINC01942,lincRNA,173689459,173705849,1,5,1
192,193,ENSG00000253644,AP001208.1,lincRNA,101387299,101393186,-1,8,1
193,194,ENSG00000253679,AP001330.2,lincRNA,101261541,101262903,-1,8,1
194,195,ENSG00000253702,AC026904.3,lincRNA,48597458,48621018,-1,8,1
195,196,ENSG00000253787,LINC02219,lincRNA,68189876,68198407,1,5,1
196,197,ENSG00000253959,LINC01863,lincRNA,173642519,173658194,1,5,1
197,198,ENSG00000254106,LINC01848,lincRNA,109883182,109884751,1,5,1
198,199,ENSG00000254119,AC025524.2,lincRNA,61785047,61944180,1,8,11
199,200,ENSG00000254123,AC027701.1,lincRNA,82098451,82160577,-1,8,2
200,201,ENSG00000254130,LINC01947,lincRNA,166905222,166926370,-1,5,1
201,202,ENSG00000254209,AC104233.1,lincRNA,121671773,121684562,-1,8,1
202,203,ENSG00000254226,LINC01933,lincRNA,151949571,152270448,1,5,4
203,204,ENSG00000254299,LINC01944,lincRNA,172543403,172559142,-1,5,2
204,205,ENSG00000254401,AC111188.1,lincRNA,11020883,11183611,1,11,2
205,206,ENSG00000254416,AP000924.1,lincRNA,110355130,110406400,1,11,2
206,207,ENSG00000254427,AC103736.1,lincRNA,45355371,45366121,1,11,3
207,208,ENSG00000254438,AC022240.1,lincRNA,13921450,13924863,-1,11,1
208,209,ENSG00000254456,AC090592.1,lincRNA,25734770,25781758,1,11,3
209,210,ENSG00000254480,AC015689.1,lincRNA,4187140,4202655,1,11,1
210,211,ENSG00000254516,AC103798.1,lincRNA,37938601,37954663,1,11,1
211,212,ENSG00000254518,AC109635.2,lincRNA,50298579,50304656,1,11,2
212,213,ENSG00000254530,AC090124.1,lincRNA,29335878,29594295,-1,11,2
213,214,ENSG00000254580,AP001001.2,lincRNA,106112459,106132116,-1,11,1
214,215,ENSG00000254594,AC015771.1,lincRNA,24235477,24262218,-1,11,2
215,216,ENSG00000254654,AC068858.1,lincRNA,44973902,44978028,1,11,1
216,217,ENSG00000254659,AP002444.1,lincRNA,109751442,109823847,-1,11,1
217,218,ENSG00000254661,AC009869.1,lincRNA,15910957,15927443,1,11,1
218,219,ENSG00000254699,AP003097.2,lincRNA,86192787,86193482,-1,11,1
219,220,ENSG00000254823,AP001782.1,lincRNA,123313674,123314770,-1,11,2
220,221,ENSG00000254863,AP001360.1,lincRNA,119987954,119995037,-1,11,3
221,222,ENSG00000254946,AC073172.2,lincRNA,15552855,15591098,1,11,1
222,223,ENSG00000254952,AP001257.1,lincRNA,60159687,60160822,-1,11,1
223,224,ENSG00000254968,AP003063.1,lincRNA,112393118,112621729,1,11,3
224,225,ENSG00000255008,AP000442.1,lincRNA,59561146,59566074,-1,11,1
225,226,ENSG00000255079,AC104241.2,lincRNA,44694863,44696301,-1,11,1
226,227,ENSG00000255109,AC090458.1,lincRNA,42183292,42253712,-1,11,3
227,228,ENSG00000255133,AC113192.2,lincRNA,33814877,33822095,-1,11,1
228,229,ENSG00000255169,AC113192.4,lincRNA,33804768,33805641,1,11,1
229,230,ENSG00000255175,AC022796.1,lincRNA,38618264,38646356,-1,11,2
230,231,ENSG00000255178,AP002759.1,lincRNA,80751200,80762826,-1,11,1
231,232,ENSG00000255187,AP003386.1,lincRNA,91158083,91167294,1,11,1
232,233,ENSG00000255193,AC100768.2,lincRNA,23730588,23796970,1,11,1
233,234,ENSG00000255226,AC044839.3,lincRNA,45750823,45751871,-1,11,2
234,235,ENSG00000255258,AP001979.2,lincRNA,133783671,133810376,-1,11,1
235,236,ENSG00000255267,AC018716.2,lincRNA,45371397,45388508,1,11,1
236,237,ENSG00000255269,AC024475.3,lincRNA,46213824,46220438,-1,11,5
237,238,ENSG00000255300,AC079917.1,lincRNA,41993385,42163851,-1,11,2
238,239,ENSG00000255327,AP003062.1,lincRNA,134950708,134951568,1,11,1
239,240,ENSG00000255332,AP003028.1,lincRNA,91794362,91812294,1,11,3
240,241,ENSG00000255344,AP001999.3,lincRNA,134714542,134715922,1,11,1
241,242,ENSG00000255363,AP001189.5,lincRNA,76607853,76630427,-1,11,2
242,243,ENSG00000255382,AP001646.3,lincRNA,82791662,82817146,1,11,1
243,244,ENSG00000255388,AC021006.2,lincRNA,41518895,41714448,-1,11,2
244,245,ENSG00000255406,AP000911.3,lincRNA,134026900,134030167,1,11,2
245,246,ENSG00000255418,AC090092.1,lincRNA,23164900,23203161,1,11,2
246,247,ENSG00000255427,AC087783.1,lincRNA,34570876,34573982,1,11,1
247,248,ENSG00000255433,AP001803.2,lincRNA,56848478,56878078,1,11,2
248,249,ENSG00000255484,AP003063.2,lincRNA,112534220,112555802,-1,11,1
249,250,ENSG00000255502,AP003730.2,lincRNA,97878781,97942762,-1,11,2
250,251,ENSG00000255512,AP005135.1,lincRNA,135061781,135075899,-1,11,1
251,252,ENSG00000255553,AP003733.3,lincRNA,62077277,62082184,-1,11,1
252,253,ENSG00000255666,AP000943.2,lincRNA,94638045,94652884,1,11,5
253,254,ENSG00000255774,AP000439.2,lincRNA,69475567,69481545,-1,11,2
254,255,ENSG00000255998,AC069235.1,lincRNA,126690479,126695832,1,12,2
255,256,ENSG00000256494,AC007368.2,lincRNA,126400792,126405528,-1,12,1
256,257,ENSG00000256551,LINC02369,lincRNA,128086985,128118132,-1,12,2
257,258,ENSG00000256576,LINC02361,lincRNA,132186735,132189695,-1,12,1
258,259,ENSG00000256659,LINC02368,lincRNA,128118217,128121952,1,12,1
259,260,ENSG00000256684,AP003781.1,lincRNA,96508425,96514748,1,11,1
260,261,ENSG00000256717,AP002991.1,lincRNA,115659658,115843146,1,11,1
261,262,ENSG00000257067,AP000797.3,lincRNA,115932774,115942995,1,11,2
262,263,ENSG00000257139,AC084032.1,lincRNA,70180338,70202004,1,12,1
263,264,ENSG00000258100,AC025035.1,lincRNA,91344435,91368606,1,12,2
264,265,ENSG00000258586,LINC02274,lincRNA,73822559,73830135,-1,14,1
265,266,ENSG00000258742,AL117192.1,lincRNA,92886352,92893506,1,14,4
266,267,ENSG00000258743,LINC02301,lincRNA,82642620,82706825,1,14,4
267,268,ENSG00000258815,AC131532.1,lincRNA,85318060,85342912,1,12,1
268,269,ENSG00000258859,LINC02296,lincRNA,87353070,87573022,-1,14,1
269,270,ENSG00000259004,LINC02285,lincRNA,101120856,101123542,1,14,1
270,271,ENSG00000259245,AC040918.1,lincRNA,36046082,36049529,1,15,1
271,272,ENSG00000259256,LINC01895,lincRNA,3347776,3350559,-1,18,1
272,273,ENSG00000259267,LINC02622,lincRNA,70939053,70955641,1,10,2
273,274,ENSG00000259284,LINC02349,lincRNA,61729850,61731389,1,15,1
274,275,ENSG00000259448,LINC02352,lincRNA,31216020,31224445,1,15,2
275,276,ENSG00000259815,AC099793.1,lincRNA,208626741,208628085,-1,1,1
276,277,ENSG00000259837,LINC01904,lincRNA,926083,927993,-1,18,1
277,278,ENSG00000259947,LINC02124,lincRNA,1889114,1890434,1,16,1
278,279,ENSG00000260009,LINC02130,lincRNA,14363109,14370266,-1,16,1
279,280,ENSG00000260151,LINC02673,lincRNA,27343436,27344917,1,10,1
280,281,ENSG00000260193,AL138781.1,lincRNA,136107808,136109424,-1,9,2
281,282,ENSG00000260423,LINC02367,lincRNA,9367464,9397617,1,12,1
282,283,ENSG00000260792,LINC02280,lincRNA,104661120,104665558,-1,14,1
283,284,ENSG00000260913,LINC01254,lincRNA,10405133,10414515,-1,18,2
284,285,ENSG00000261092,LINC02178,lincRNA,50390916,50395133,-1,16,1
285,286,ENSG00000261194,LINC01898,lincRNA,75696079,75712385,-1,18,1
286,287,ENSG00000261231,LINC02133,lincRNA,47724568,47908431,1,16,2
287,288,ENSG00000261249,LINC01751,lincRNA,7302056,7307432,-1,20,1
288,289,ENSG00000261304,LINC02252,lincRNA,34651135,34655764,-1,15,1
289,290,ENSG00000261637,LINC02127,lincRNA,51017544,51035777,1,16,2
290,291,ENSG00000261811,LINC02164,lincRNA,5215394,5220594,-1,16,1
291,292,ENSG00000263146,LINC01896,lincRNA,78976555,78979074,-1,18,4
292,293,ENSG00000264232,LINC01916,lincRNA,65424013,65447512,1,18,1
293,294,ENSG00000264260,LINC01893,lincRNA,76209510,76215702,1,18,1
294,295,ENSG00000264404,BX547991.1,lincRNA,47588681,47599830,-1,10,2
295,296,ENSG00000264464,AC091170.1,lincRNA,49499390,49501860,1,18,1
296,297,ENSG00000264699,LINC01912,lincRNA,68258339,68264827,-1,18,1
297,298,ENSG00000265352,LINC01899,lincRNA,71732615,71788128,-1,18,3
298,299,ENSG00000265374,LINC01908,lincRNA,27225742,27247188,1,18,1
299,300,ENSG00000265485,LINC01915,lincRNA,24628182,24708542,1,18,4
300,301,ENSG00000265514,LINC01892,lincRNA,5081182,5095815,1,18,2
301,302,ENSG00000265555,LINC01903,lincRNA,67808505,67814822,-1,18,1
302,303,ENSG00000266258,LINC01909,lincRNA,70335439,70352459,1,18,2
303,304,ENSG00000266278,LINC01910,lincRNA,70380140,70384591,-1,18,1
304,305,ENSG00000267013,LINC01929,lincRNA,55105904,55124306,-1,18,2
305,306,ENSG00000267407,AC008794.1,lincRNA,31542039,31554797,1,19,1
306,307,ENSG00000271334,LINC02104,lincRNA,39520431,39524708,1,5,2
307,308,ENSG00000271564,LINC02333,lincRNA,52334295,52341896,1,13,1
308,309,ENSG00000271736,AL138900.2,lincRNA,157280716,157283068,1,1,1
309,310,ENSG00000271850,LINC02343,lincRNA,34348043,34614170,1,13,1
310,311,ENSG00000272381,LINC02664,lincRNA,31187883,31261910,1,10,1
311,312,ENSG00000272430,LINC02637,lincRNA,46632387,46635472,1,10,1
312,313,ENSG00000273409,AP003481.1,lincRNA,127271029,127337033,1,11,2
313,314,ENSG00000273415,AP000904.1,lincRNA,128096042,128183554,1,11,2
314,315,ENSG00000274317,LINC02334,lincRNA,37934565,38048169,1,13,1
315,316,ENSG00000274372,AC239803.3,lincRNA,148021850,148025931,1,1,2
316,317,ENSG00000274469,LINC01746,lincRNA,37571103,37583935,1,20,1
317,318,ENSG00000275212,AC005186.1,lincRNA,125983702,126043485,1,12,3
318,319,ENSG00000275852,LINC01742,lincRNA,58003904,58004648,1,20,1
319,320,ENSG00000276255,AL136379.1,lincRNA,228073909,228076550,-1,1,2
320,321,ENSG00000276397,LINC01879,lincRNA,76690029,76693636,1,18,2
321,322,ENSG00000276778,LINC02227,lincRNA,158320683,158409773,-1,5,1
322,323,ENSG00000277448,LINC02338,lincRNA,58165827,58209483,1,13,1
323,324,ENSG00000277718,LINC02255,lincRNA,74379083,74390535,1,15,1
324,325,ENSG00000279082,LINC01727,lincRNA,21569976,21619674,1,20,4
325,326,ENSG00000279243,AP000769.3,lincRNA,65487241,65488228,-1,11,2
326,327,ENSG00000280350,LINC01726,lincRNA,21610787,21703585,-1,20,1
327,328,ENSG00000280580,LINC02342,lincRNA,68878380,68893573,1,13,1
328,329,ENSG00000282111,AL137793.2,lincRNA,229022773,229038274,-1,1,1
329,330,ENSG00000282916,AP003171.3,lincRNA,92914272,92915604,-1,11,1
330,331,ENSG00000283000,LINC02635,lincRNA,34969909,34975578,1,10,2
331,332,ENSG00000283141,LINC02666,lincRNA,129784983,129806971,1,10,1
332,333,ENSG00000283518,AL592287.1,lincRNA,214051194,214187773,-1,1,1
333,334,ENSG00000284237,AL356275.1,lincRNA,207959292,207969329,1,1,1
334,335,ENSG00000284240,AC099062.1,lincRNA,87212669,87264741,1,1,3
335,336,ENSG00000284623,AL139158.3,lincRNA,38129464,38140593,-1,1,1
336,337,ENSG00000284668,AL805961.1,lincRNA,3976133,4012699,1,1,3
337,338,ENSG00000284674,BX005132.1,lincRNA,4973381,4981568,1,1,1
338,339,ENSG00000284678,AL033527.4,lincRNA,39801414,39817460,-1,1,1
339,340,ENSG00000285210,AL136382.1,lincRNA,86288704,86320711,-1,1,3
340,341,ENSG00000285462,AL353651.3,lincRNA,79325008,79346445,1,1,1
341,342,ENSG00000285532,AC091614.2,lincRNA,90841587,90849472,1,1,1
342,343,ENSG00000285536,AC091770.2,lincRNA,48708327,48711582,1,7,1
343,344,ENSG00000285594,AP000902.2,lincRNA,9646110,9648502,1,18,1
344,345,ENSG00000285686,AL353613.2,lincRNA,86669349,86708307,-1,9,1
345,346,ENSG00000285711,AC018683.1,lincRNA,65225867,65241814,-1,4,1
346,347,ENSG00000285735,AP003062.3,lincRNA,134994982,135007779,-1,11,1
347,348,ENSG00000285768,AC232323.2,lincRNA,85851446,85861562,-1,8,1
348,349,ENSG00000285808,AL583808.3,lincRNA,72793104,72854475,1,1,1
349,350,ENSG00000285823,AL050344.2,lincRNA,25041136,25047404,1,1,2
350,351,ENSG00000285835,AP000676.5,lincRNA,87847259,88045608,-1,11,1
351,352,ENSG00000285866,AC009432.2,lincRNA,94583506,94589259,-1,15,1
352,353,ENSG00000285869,AC130456.8,lincRNA,19334011,19337804,1,16,1
353,354,ENSG00000285985,AC136297.1,lincRNA,1350359,1364286,1,11,1
354,355,ENSG00000286021,AC084365.2,lincRNA,90576495,90818303,1,12,1
